County,State,Population,Suicides'16
Autauga,AL,55416,14
Baldwin,AL,208563,42
Barbour,AL,25965,4
Bibb,AL,22643,4
Blount,AL,57704,11
Bullock,AL,10362,1
Butler,AL,19998,5
Calhoun,AL,114611,25
Chambers,AL,33843,15
Cherokee,AL,25725,6
Chilton,AL,43941,2
Choctaw,AL,12993,1
Clarke,AL,24392,7
Clay,AL,13492,1
Cleburne,AL,14924,2
Coffee,AL,51226,10
Colbert,AL,54216,9
Conecuh,AL,12395,1
Coosa,AL,10581,2
Covington,AL,37458,5
Crenshaw,AL,13913,1
Cullman,AL,82471,19
Dale,AL,49226,7
Dallas,AL,40008,4
DeKalb,AL,70900,10
Elmore,AL,81799,21
Escambia,AL,37728,10
Etowah,AL,102564,17
Fayette,AL,16546,6
Franklin,AL,31628,5
Geneva,AL,26614,3
Greene,AL,8422,2
Hale,AL,14952,2
Henry,AL,17164,1
Houston,AL,104056,10
Jackson,AL,52138,14
Jefferson,AL,659521,84
Lamar,AL,13918,0
Lauderdale,AL,92318,20
Lawrence,AL,33244,5
Lee,AL,158991,17
Limestone,AL,92753,10
Lowndes,AL,10358,1
Macon,AL,18963,1
Madison,AL,356967,76
Marengo,AL,19673,2
Marion,AL,29998,2
Marshall,AL,95157,17
Mobile,AL,414836,70
Monroe,AL,21530,0
Montgomery,AL,226349,30
Morgan,AL,119012,28
Perry,AL,9574,0
Pickens,AL,20324,0
Pike,AL,33286,3
Randolph,AL,22652,5
Russell,AL,58172,6
St.Clair,AL,88019,16
Shelby,AL,210622,31
Sumter,AL,13040,2
Talladega,AL,80103,10
Tallapoosa,AL,40727,6
Tuscaloosa,AL,206102,24
Walker,AL,64967,15
Washington,AL,16756,3
Wilcox,AL,10986,1
Winston,AL,23805,4
AleutiansEastBorough,AK,3296,-1
AleutiansWestCensusArea,AK,5647,2
AnchorageBorough,AK,298192,69
BethelCensusArea,AK,17968,11
BristolBayBorough,AK,898,0
DenaliBorough,AK,1953,-1
DillinghamCensusArea,AK,4954,1
FairbanksNorthStarBorough,AK,100605,25
HainesBorough,AK,2496,-1
Hoonah-AngoonCensusArea,AK,2078,-1
JuneauBorough,AK,32468,9
KenaiPeninsulaBorough,AK,58506,18
KetchikanGatewayBorough,AK,13746,2
KodiakIslandBorough,AK,13732,2
LakeandPeninsulaBorough,AK,1562,-1
Matanuska-SusitnaBorough,AK,104365,22
NomeCensusArea,AK,9917,5
NorthSlopeBorough,AK,9606,3
NorthwestArcticBorough,AK,7673,5
PetersburgBorough/CensusArea,AK,3149,-1
PrinceofWales-HyderCensusArea,AK,6347,-1
PrinceofWales-OuterKetchikanCensusArea,AK,NA,0
SitkaBorough,AK,8830,1
SkagwayMunicipality,AK,1088,-1
Skagway-Hoonah-AngoonCensusArea,AK,NA,-1
SoutheastFairbanksCensusArea,AK,6876,2
Valdez-CordovaCensusArea,AK,9355,1
WadeHamptonCensusArea,AK,8049,10
WrangellandBorough,AK,2411,-1
Wrangell-PetersburgCensusArea,AK,NA,0
YakutatBorough,AK,601,-1
Yukon-KoyukukCensusArea,AK,5526,2
Apache,AZ,73112,20
Cochise,AZ,125770,30
Coconino,AZ,140908,25
Gila,AZ,53556,14
Graham,AZ,37599,12
Greenlee,AZ,9613,2
LaPaz,AZ,20317,5
Maricopa,AZ,4242997,691
Mohave,AZ,205249,71
Navajo,AZ,110026,36
Pima,AZ,1016206,184
Pinal,AZ,418540,68
SantaCruz,AZ,45985,5
Yavapai,AZ,225562,82
Yuma,AZ,205631,26
Arkansas,AR,18214,1
Ashley,AR,20492,2
Baxter,AR,41062,15
Benton,AR,258291,42
Boone,AR,37304,6
Bradley,AR,10996,2
Calhoun,AR,5144,0
Carroll,AR,27646,7
Chicot,AR,10945,2
Clark,AR,22657,4
Clay,AR,14920,1
Cleburne,AR,25264,6
Cleveland,AR,8241,1
Columbia,AR,23901,3
Conway,AR,20937,1
Craighead,AR,105835,20
Crawford,AR,62267,11
Crittenden,AR,49235,4
Cross,AR,17037,4
Dallas,AR,7469,1
Desha,AR,11876,2
Drew,AR,18651,2
Faulkner,AR,122227,23
Franklin,AR,17626,6
Fulton,AR,12123,0
Garland,AR,97477,18
Grant,AR,18082,5
Greene,AR,44598,14
Hempstead,AR,21974,3
HotSpring,AR,33374,8
Howard,AR,13377,3
Independence,AR,37168,7
Izard,AR,13433,3
Jackson,AR,17221,6
Jefferson,AR,70016,12
Johnson,AR,26176,7
Lafayette,AR,6847,1
Lawrence,AR,16735,2
Lee,AR,9310,0
Lincoln,AR,13705,1
LittleRiver,AR,12451,4
Logan,AR,21792,2
Lonoke,AR,72228,14
Madison,AR,16072,4
Marion,AR,16325,3
Miller,AR,43787,9
Mississippi,AR,42835,9
Monroe,AR,7169,1
Montgomery,AR,8879,6
Nevada,AR,8398,3
Newton,AR,7936,2
Ouachita,AR,24098,2
Perry,AR,10132,1
Phillips,AR,18975,6
Pike,AR,10832,1
Poinsett,AR,24023,5
Polk,AR,20173,7
Pope,AR,63779,9
Prairie,AR,8251,2
Pulaski,AR,393250,74
Randolph,AR,17448,4
St.Francis,AR,26196,3
Saline,AR,118703,18
Scott,AR,10277,2
Searcy,AR,7967,1
Sebastian,AR,127793,21
Sevier,AR,16910,5
Sharp,AR,17157,5
Stone,AR,12539,3
Union,AR,39887,10
VanBuren,AR,16628,3
Washington,AR,228049,39
White,AR,79263,14
Woodruff,AR,6641,3
Yell,AR,21552,4
Alameda,CA,1647704,157
Alpine,CA,1071,-1
Amador,CA,37383,10
Butte,CA,226864,49
Calaveras,CA,45171,7
Colusa,CA,21588,1
ContraCosta,CA,1135127,141
DelNorte,CA,27540,5
ElDorado,CA,185625,42
Fresno,CA,979915,102
Glenn,CA,28085,7
Humboldt,CA,136646,36
Imperial,CA,180883,14
Inyo,CA,18144,5
Kern,CA,884788,123
Kings,CA,149785,14
Lake,CA,64116,15
Lassen,CA,30870,8
LosAngeles,CA,10137915,843
Madera,CA,154697,14
Marin,CA,260651,47
Mariposa,CA,17410,7
Mendocino,CA,87628,20
Merced,CA,268672,33
Modoc,CA,8795,3
Mono,CA,13981,1
Monterey,CA,435232,36
Napa,CA,142166,12
Nevada,CA,99107,17
Orange,CA,3172532,320
Placer,CA,380531,56
Plumas,CA,18627,6
Riverside,CA,2387741,284
Sacramento,CA,1514460,192
SanBenito,CA,59414,4
SanBernardino,CA,2140096,229
SanDiego,CA,3317749,415
SanFrancisco,CA,870887,114
SanJoaquin,CA,733709,74
SanLuisObispo,CA,282887,60
SanMateo,CA,764797,65
SantaBarbara,CA,446170,53
SantaClara,CA,1919402,147
SantaCruz,CA,274673,49
Shasta,CA,179631,37
Sierra,CA,2947,2
Siskiyou,CA,43603,15
Solano,CA,440207,47
Sonoma,CA,503070,71
Stanislaus,CA,541560,62
Sutter,CA,96651,19
Tehama,CA,63276,16
Trinity,CA,12782,4
Tulare,CA,460437,42
Tuolumne,CA,53804,12
Ventura,CA,849738,89
Yolo,CA,215802,30
Yuba,CA,75275,11
Adams,CO,498187,84
Alamosa,CO,16654,3
Arapahoe,CO,637068,119
Archuleta,CO,12854,4
Baca,CO,3568,1
Bent,CO,5861,1
Boulder,CO,322226,53
Broomfield,CO,66529,16
Chaffee,CO,19058,7
Cheyenne,CO,1848,-1
ClearCreek,CO,9436,2
Conejos,CO,8129,2
Costilla,CO,3721,2
Crowley,CO,5694,0
Custer,CO,4602,4
Delta,CO,30442,13
Denver,CO,693060,120
Dolores,CO,2056,0
Douglas,CO,328632,59
Eagle,CO,53989,5
Elbert,CO,25231,4
ElPaso,CO,688284,194
Fremont,CO,47446,17
Garfield,CO,58887,13
Gilpin,CO,5931,1
Grand,CO,15008,3
Gunnison,CO,16408,10
Hinsdale,CO,788,-1
Huerfano,CO,6677,4
Jackson,CO,1357,-1
Jefferson,CO,571837,103
Kiowa,CO,1373,-1
KitCarson,CO,8195,0
Lake,CO,7618,2
LaPlata,CO,55623,13
Larimer,CO,339993,73
LasAnimas,CO,14103,5
Lincoln,CO,5643,1
Logan,CO,21919,4
Mesa,CO,150083,51
Mineral,CO,732,-1
Moffat,CO,13109,5
Montezuma,CO,26999,15
Montrose,CO,41471,10
Morgan,CO,28274,3
Otero,CO,18295,3
Ouray,CO,4857,1
Park,CO,17166,11
Phillips,CO,4288,0
Pitkin,CO,17752,1
Prowers,CO,11922,2
Pueblo,CO,165123,36
RioBlanco,CO,6545,5
RioGrande,CO,11479,3
Routt,CO,24648,3
Saguache,CO,6389,1
SanJuan,CO,694,-1
SanMiguel,CO,8017,5
Sedgwick,CO,2407,1
Summit,CO,30374,8
Teller,CO,24043,6
Washington,CO,4908,-1
Weld,CO,294932,54
Yuma,CO,10103,1
Fairfield,CT,944177,94
Hartford,CT,892389,85
Litchfield,CT,182571,21
Middlesex,CT,163329,14
NewHaven,CT,856875,99
NewLondon,CT,269801,35
Tolland,CT,151118,27
Windham,CT,116192,22
Kent,DE,174827,20
NewCastle,DE,556987,65
Sussex,DE,220251,34
DistrictofColumbia,DC,681170,40
Alachua,FL,263496,32
Baker,FL,27937,5
Bay,FL,183974,46
Bradford,FL,26926,1
Brevard,FL,579130,135
Broward,FL,1909632,243
Calhoun,FL,14423,2
Charlotte,FL,178465,38
Citrus,FL,143621,29
Clay,FL,208311,40
Collier,FL,365136,45
Columbia,FL,69299,9
DeSoto,FL,35800,8
Dixie,FL,16300,2
Duval,FL,926255,130
Escambia,FL,315187,62
Flagler,FL,108310,20
Franklin,FL,11901,2
Gadsden,FL,46006,3
Gilchrist,FL,17212,3
Glades,FL,13970,4
Gulf,FL,15990,2
Hamilton,FL,14361,2
Hardee,FL,27360,6
Hendry,FL,39290,5
Hernando,FL,182835,38
Highlands,FL,100917,24
Hillsborough,FL,1376238,164
Holmes,FL,19487,4
IndianRiver,FL,151563,29
Jackson,FL,48229,3
Jefferson,FL,13906,2
Lafayette,FL,8617,0
Lake,FL,335396,52
Lee,FL,722336,114
Leon,FL,287822,26
Levy,FL,39961,5
Liberty,FL,8202,1
Madison,FL,18224,0
Manatee,FL,375888,81
Marion,FL,349020,65
Martin,FL,158701,35
Miami-Dade,FL,2712945,251
Monroe,FL,79077,19
Nassau,FL,80622,21
Okaloosa,FL,201170,42
Okeechobee,FL,40314,8
Orange,FL,1314367,126
Osceola,FL,336015,37
PalmBeach,FL,1443810,230
Pasco,FL,512368,104
Pinellas,FL,960730,213
Polk,FL,666149,91
Putnam,FL,72277,15
St.Johns,FL,235087,44
St.Lucie,FL,306507,51
SantaRosa,FL,170497,44
Sarasota,FL,412569,91
Seminole,FL,455479,71
Sumter,FL,123996,19
Suwannee,FL,43794,6
Taylor,FL,22175,4
Union,FL,15142,6
Volusia,FL,529364,103
Wakulla,FL,31893,7
Walton,FL,65889,15
Washington,FL,24569,8
Appling,GA,18428,2
Atkinson,GA,8273,1
Bacon,GA,11372,1
Baker,GA,3150,-1
Baldwin,GA,45144,10
Banks,GA,18397,2
Barrow,GA,77126,17
Bartow,GA,103807,25
BenHill,GA,17243,2
Berrien,GA,18993,6
Bibb,GA,152760,21
Bleckley,GA,12970,4
Brantley,GA,18355,5
Brooks,GA,15687,2
Bryan,GA,36230,4
Bulloch,GA,74722,8
Burke,GA,22688,6
Butts,GA,23817,1
Calhoun,GA,6324,-1
Camden,GA,53008,2
Candler,GA,10910,2
Carroll,GA,116261,18
Catoosa,GA,66398,16
Charlton,GA,12497,2
Chatham,GA,289082,48
Chattahoochee,GA,10922,3
Chattooga,GA,24824,2
Cherokee,GA,241689,38
Clarke,GA,124707,15
Clay,GA,3020,-1
Clayton,GA,279462,20
Clinch,GA,6829,1
Cobb,GA,748150,97
Coffee,GA,43012,4
Colquitt,GA,45708,5
Columbia,GA,147450,22
Cook,GA,17167,2
Coweta,GA,140526,18
Crawford,GA,12322,5
Crisp,GA,22721,4
Dade,GA,16257,2
Dawson,GA,23604,6
Decatur,GA,26822,6
DeKalb,GA,740321,56
Dodge,GA,20563,7
Dooly,GA,13763,3
Dougherty,GA,90017,10
Douglas,GA,142224,15
Early,GA,10339,1
Echols,GA,3962,-1
Effingham,GA,58712,11
Elbert,GA,19143,5
Emanuel,GA,22635,5
Evans,GA,10670,3
Fannin,GA,24900,6
Fayette,GA,111627,10
Floyd,GA,96560,24
Forsyth,GA,221009,19
Franklin,GA,22320,7
Fulton,GA,1023336,113
Gilmer,GA,29733,8
Glascock,GA,3006,-1
Glynn,GA,84502,15
Gordon,GA,56904,11
Grady,GA,24808,8
Greene,GA,17003,2
Gwinnett,GA,907135,117
Habersham,GA,44246,11
Hall,GA,196637,36
Hancock,GA,8640,0
Haralson,GA,29042,1
Harris,GA,33652,3
Hart,GA,25553,3
Heard,GA,11487,1
Henry,GA,221768,26
Houston,GA,152122,25
Irwin,GA,9422,1
Jackson,GA,64615,11
Jasper,GA,13654,1
JeffDavis,GA,14877,1
Jefferson,GA,15916,2
Jenkins,GA,8849,1
Johnson,GA,9505,0
Jones,GA,28623,8
Lamar,GA,18469,2
Lanier,GA,10399,0
Laurens,GA,47516,6
Lee,GA,29337,5
Liberty,GA,62570,11
Lincoln,GA,7828,0
Long,GA,18437,1
Lowndes,GA,114628,12
Lumpkin,GA,31445,7
McDuffie,GA,21490,3
McIntosh,GA,13927,0
Macon,GA,13450,2
Madison,GA,28824,7
Marion,GA,8524,0
Meriwether,GA,21074,4
Miller,GA,5926,-1
Mitchell,GA,22459,3
Monroe,GA,27306,6
Montgomery,GA,9060,2
Morgan,GA,18170,4
Murray,GA,39315,3
Muscogee,GA,197485,27
Newton,GA,106999,16
Oconee,GA,36838,3
Oglethorpe,GA,14921,4
Paulding,GA,155825,19
Peach,GA,26655,6
Pickens,GA,30832,3
Pierce,GA,19171,1
Pike,GA,17941,4
Polk,GA,41776,5
Pulaski,GA,11251,5
Putnam,GA,21477,2
Quitman,GA,2335,-1
Rabun,GA,16559,4
Randolph,GA,7177,0
Richmond,GA,201647,21
Rockdale,GA,89355,16
Schley,GA,5098,0
Screven,GA,14044,0
Seminole,GA,8468,2
Spalding,GA,64806,9
Stephens,GA,25751,7
Stewart,GA,5705,-1
Sumter,GA,30389,4
Talbot,GA,6171,0
Taliaferro,GA,1593,-1
Tattnall,GA,25092,6
Taylor,GA,8232,2
Telfair,GA,15965,1
Terrell,GA,8967,2
Thomas,GA,45248,3
Tift,GA,40828,4
Toombs,GA,27196,2
Towns,GA,11391,1
Treutlen,GA,6637,1
Troup,GA,70005,10
Turner,GA,8030,1
Twiggs,GA,8171,4
Union,GA,22928,10
Upson,GA,26335,4
Walker,GA,67896,13
Walton,GA,90184,21
Ware,GA,35738,8
Warren,GA,5442,1
Washington,GA,20457,3
Wayne,GA,30104,6
Webster,GA,2599,-1
Wheeler,GA,7978,0
White,GA,28884,5
Whitfield,GA,104589,12
Wilcox,GA,8761,2
Wilkes,GA,9805,2
Wilkinson,GA,9104,2
Worth,GA,20748,3
Hawaii,HI,198449,32
Honolulu,HI,992605,105
Kalawao,HI,88,-1
Kauai,HI,72029,13
Maui,HI,165386,24
Ada,ID,444028,103
Adams,ID,3900,1
Bannock,ID,84377,17
BearLake,ID,5945,2
Benewah,ID,9092,1
Bingham,ID,45201,13
Blaine,ID,21791,3
Boise,ID,7124,3
Bonner,ID,42536,12
Bonneville,ID,112232,18
Boundary,ID,11681,2
Butte,ID,2501,-1
Camas,ID,1072,-1
Canyon,ID,211698,32
Caribou,ID,6887,5
Cassia,ID,23504,3
Clark,ID,860,-1
Clearwater,ID,8497,5
Custer,ID,4096,1
Elmore,ID,26018,6
Franklin,ID,13406,3
Fremont,ID,12943,2
Gem,ID,17184,7
Gooding,ID,15185,2
Idaho,ID,16156,9
Jefferson,ID,27839,3
Jerome,ID,22994,4
Kootenai,ID,154311,18
Latah,ID,39196,9
Lemhi,ID,7723,4
Lewis,ID,3853,3
Lincoln,ID,5271,1
Madison,ID,39048,1
Minidoka,ID,20616,3
NezPerce,ID,40369,8
Oneida,ID,4343,-1
Owyhee,ID,11389,6
Payette,ID,23026,5
Power,ID,7654,2
Shoshone,ID,12452,4
Teton,ID,10960,3
TwinFalls,ID,83514,20
Valley,ID,10496,2
Washington,ID,10172,2
Adams,IL,66578,15
Alexander,IL,6478,3
Bond,IL,16824,1
Boone,IL,53503,5
Brown,IL,6762,0
Bureau,IL,33359,7
Calhoun,IL,4894,-1
Carroll,IL,14539,2
Cass,IL,12676,6
Champaign,IL,208419,28
Christian,IL,33309,8
Clark,IL,15938,4
Clay,IL,13300,1
Clinton,IL,37729,3
Coles,IL,52343,1
Cook,IL,5203499,425
Crawford,IL,19308,3
Cumberland,IL,10858,1
DeKalb,IL,104528,17
DeWitt,IL,16226,0
Douglas,IL,19630,2
DuPage,IL,929368,98
Edgar,IL,17566,5
Edwards,IL,6523,2
Effingham,IL,34386,3
Fayette,IL,21789,5
Ford,IL,13575,1
Franklin,IL,39156,7
Fulton,IL,35536,9
Gallatin,IL,5212,1
Greene,IL,13093,0
Grundy,IL,50437,6
Hamilton,IL,8061,1
Hancock,IL,18508,4
Hardin,IL,4024,-1
Henderson,IL,6869,1
Henry,IL,49280,8
Iroquois,IL,28334,1
Jackson,IL,58870,7
Jasper,IL,9536,3
Jefferson,IL,38460,6
Jersey,IL,22025,6
JoDaviess,IL,21770,4
Johnson,IL,12902,0
Kane,IL,531715,48
Kankakee,IL,110008,10
Kendall,IL,124695,14
Knox,IL,50938,5
Lake,IL,703047,72
LaSalle,IL,110642,25
Lawrence,IL,16377,3
Lee,IL,34251,6
Livingston,IL,36526,2
Logan,IL,29527,6
McDonough,IL,30996,5
McHenry,IL,307004,27
McLean,IL,172418,24
Macon,IL,106550,17
Macoupin,IL,45908,8
Madison,IL,265759,52
Marion,IL,38140,7
Marshall,IL,11939,2
Mason,IL,13507,1
Massac,IL,14658,2
Menard,IL,12516,0
Mercer,IL,15730,2
Monroe,IL,34068,4
Montgomery,IL,28952,3
Morgan,IL,34277,5
Moultrie,IL,14827,2
Ogle,IL,51273,10
Peoria,IL,185006,29
Perry,IL,21357,0
Piatt,IL,16560,2
Pike,IL,15950,2
Pope,IL,4157,0
Pulaski,IL,5619,0
Putnam,IL,5611,1
Randolph,IL,32621,4
Richland,IL,15930,3
RockIsland,IL,144784,22
St.Clair,IL,262759,27
Saline,IL,24307,8
Sangamon,IL,197499,34
Schuyler,IL,6923,3
Scott,IL,5053,2
Shelby,IL,21717,0
Stark,IL,5776,2
Stephenson,IL,45624,9
Tazewell,IL,134385,16
Union,IL,17212,1
Vermilion,IL,78111,13
Wabash,IL,11492,1
Warren,IL,17378,1
Washington,IL,14154,4
Wayne,IL,16396,3
White,IL,14292,3
Whiteside,IL,56536,12
Will,IL,689529,75
Williamson,IL,67560,11
Winnebago,IL,285873,43
Woodford,IL,39140,12
Adams,IN,35232,3
Allen,IN,370404,40
Bartholomew,IN,81402,10
Benton,IN,8650,1
Blackford,IN,12149,2
Boone,IN,64653,9
Brown,IN,14912,2
Carroll,IN,19970,2
Cass,IN,37946,8
Clark,IN,116031,16
Clay,IN,26309,5
Clinton,IN,32457,8
Crawford,IN,10539,2
Daviess,IN,32969,3
Dearborn,IN,49331,13
Decatur,IN,26598,4
DeKalb,IN,42746,10
Delaware,IN,115603,16
Dubois,IN,42552,8
Elkhart,IN,203781,22
Fayette,IN,23331,5
Floyd,IN,76990,16
Fountain,IN,16486,6
Franklin,IN,22715,4
Fulton,IN,20139,4
Gibson,IN,33703,8
Grant,IN,66937,10
Greene,IN,32211,4
Hamilton,IN,316373,39
Hancock,IN,73717,14
Harrison,IN,39826,4
Hendricks,IN,160610,28
Henry,IN,48521,11
Howard,IN,82568,15
Huntington,IN,36400,2
Jackson,IN,44013,7
Jasper,IN,33433,8
Jay,IN,21046,2
Jefferson,IN,32418,13
Jennings,IN,27758,10
Johnson,IN,151982,17
Knox,IN,37744,5
Kosciusko,IN,79092,13
Lagrange,IN,39110,5
Lake,IN,485846,74
LaPorte,IN,110015,11
Lawrence,IN,45518,8
Madison,IN,129296,22
Marion,IN,941229,143
Marshall,IN,46556,8
Martin,IN,10171,2
Miami,IN,35883,4
Monroe,IN,145496,28
Montgomery,IN,38074,9
Morgan,IN,69698,10
Newton,IN,13924,1
Noble,IN,47638,7
Ohio,IN,5932,1
Orange,IN,19335,6
Owen,IN,20840,6
Parke,IN,16800,4
Perry,IN,18966,5
Pike,IN,12431,4
Porter,IN,167791,28
Posey,IN,25476,5
Pulaski,IN,12660,0
Putnam,IN,37436,7
Randolph,IN,25082,1
Ripley,IN,28846,3
Rush,IN,16649,7
St.Joseph,IN,269141,44
Scott,IN,23730,2
Shelby,IN,44324,7
Spencer,IN,20648,5
Starke,IN,23009,5
Steuben,IN,34116,5
Sullivan,IN,20802,4
Switzerland,IN,10527,1
Tippecanoe,IN,188059,17
Tipton,IN,15182,4
Union,IN,7212,3
Vanderburgh,IN,181721,31
Vermillion,IN,15645,1
Vigo,IN,107931,25
Wabash,IN,31762,5
Warren,IN,8166,1
Warrick,IN,62498,5
Washington,IN,27670,5
Wayne,IN,66568,15
Wells,IN,27949,2
White,IN,23999,2
Whitley,IN,33449,7
Adair,IA,7092,2
Adams,IA,3693,-1
Allamakee,IA,13884,3
Appanoose,IA,12462,2
Audubon,IA,5678,3
Benton,IA,25699,5
BlackHawk,IA,132904,22
Boone,IA,26532,5
Bremer,IA,24798,5
Buchanan,IA,20992,4
BuenaVista,IA,20332,1
Butler,IA,14791,2
Calhoun,IA,9846,1
Carroll,IA,20437,4
Cass,IA,13157,4
Cedar,IA,18454,0
CerroGordo,IA,43070,7
Cherokee,IA,11508,0
Chickasaw,IA,12023,1
Clarke,IA,9309,1
Clay,IA,16333,4
Clayton,IA,17590,1
Clinton,IA,47309,8
Crawford,IA,16940,3
Dallas,IA,84516,13
Davis,IA,8860,1
Decatur,IA,8141,0
Delaware,IA,17327,0
DesMoines,IA,39739,6
Dickinson,IA,17243,2
Dubuque,IA,97003,12
Emmet,IA,9658,1
Fayette,IA,20054,4
Floyd,IA,15873,4
Franklin,IA,10170,3
Fremont,IA,6950,1
Greene,IA,9011,3
Grundy,IA,12313,2
Guthrie,IA,10625,2
Hamilton,IA,15076,2
Hancock,IA,10835,0
Hardin,IA,17226,2
Harrison,IA,14149,4
Henry,IA,19773,4
Howard,IA,9332,1
Humboldt,IA,9487,1
Ida,IA,6985,-1
Iowa,IA,16311,4
Jackson,IA,19472,3
Jasper,IA,36708,4
Jefferson,IA,18090,8
Johnson,IA,146547,16
Jones,IA,20439,3
Keokuk,IA,10119,1
Kossuth,IA,15114,1
Lee,IA,34615,6
Linn,IA,221661,40
Louisa,IA,11142,5
Lucas,IA,8647,1
Lyon,IA,11754,0
Madison,IA,15848,1
Mahaska,IA,22181,3
Marion,IA,33189,4
Marshall,IA,40312,3
Mills,IA,14972,4
Mitchell,IA,10763,0
Monona,IA,8898,0
Monroe,IA,7870,4
Montgomery,IA,10225,2
Muscatine,IA,42940,4
O'Brien,IA,14020,1
Osceola,IA,6064,1
Page,IA,15391,2
PaloAlto,IA,9047,2
Plymouth,IA,25200,4
Pocahontas,IA,6886,1
Polk,IA,474045,71
Pottawattamie,IA,93582,15
Poweshiek,IA,18533,3
Ringgold,IA,5068,1
Sac,IA,9876,1
Scott,IA,172474,19
Shelby,IA,11800,0
Sioux,IA,34898,4
Story,IA,97090,7
Tama,IA,17319,0
Taylor,IA,6216,0
Union,IA,12420,3
VanBuren,IA,7271,0
Wapello,IA,34982,5
Warren,IA,49691,9
Washington,IA,22281,3
Wayne,IA,6452,2
Webster,IA,36769,7
Winnebago,IA,10631,1
Winneshiek,IA,20561,2
Woodbury,IA,102779,10
Worth,IA,7572,1
Wright,IA,12779,2
Allen,KS,12714,1
Anderson,KS,7827,3
Atchison,KS,16380,2
Barber,KS,4688,2
Barton,KS,26775,7
Bourbon,KS,14617,1
Brown,KS,9684,0
Butler,KS,67025,15
Chase,KS,2669,-1
Chautauqua,KS,3374,2
Cherokee,KS,20246,2
Cheyenne,KS,2661,-1
Clark,KS,2072,-1
Clay,KS,8143,2
Cloud,KS,9150,1
Coffey,KS,8433,1
Comanche,KS,1862,-1
Cowley,KS,35753,5
Crawford,KS,39164,6
Decatur,KS,2832,-1
Dickinson,KS,19064,3
Doniphan,KS,7664,2
Douglas,KS,119440,14
Edwards,KS,2938,-1
Elk,KS,2547,-1
Ellis,KS,28893,4
Ellsworth,KS,6328,1
Finney,KS,36722,7
Ford,KS,33971,5
Franklin,KS,25560,6
Geary,KS,35586,9
Gove,KS,2589,-1
Graham,KS,2564,-1
Grant,KS,7646,0
Gray,KS,6034,2
Greeley,KS,1296,-1
Greenwood,KS,6151,3
Hamilton,KS,2536,-1
Harper,KS,5685,1
Harvey,KS,34913,4
Haskell,KS,4006,0
Hodgeman,KS,1870,-1
Jackson,KS,13291,2
Jefferson,KS,18897,3
Jewell,KS,2901,-1
Johnson,KS,584451,84
Kearny,KS,3917,2
Kingman,KS,7467,2
Kiowa,KS,2483,-1
Labette,KS,20444,8
Lane,KS,1636,-1
Leavenworth,KS,80204,15
Lincoln,KS,3073,0
Linn,KS,9558,1
Logan,KS,2831,-1
Lyon,KS,33510,5
McPherson,KS,28804,4
Marion,KS,12112,2
Marshall,KS,9836,1
Meade,KS,4216,-1
Miami,KS,32964,8
Mitchell,KS,6243,1
Montgomery,KS,32746,5
Morris,KS,5573,0
Morton,KS,2848,-1
Nemaha,KS,10241,3
Neosho,KS,16146,0
Ness,KS,2962,-1
Norton,KS,5493,1
Osage,KS,15843,4
Osborne,KS,3642,0
Ottawa,KS,5920,3
Pawnee,KS,6743,3
Phillips,KS,5428,1
Pottawatomie,KS,23661,3
Pratt,KS,9584,2
Rawlins,KS,2549,0
Reno,KS,63220,12
Republic,KS,4699,3
Rice,KS,9831,3
Riley,KS,73343,10
Rooks,KS,5076,1
Rush,KS,3058,2
Russell,KS,6988,3
Saline,KS,55142,8
Scott,KS,5032,-1
Sedgwick,KS,511995,99
Seward,KS,22709,2
Shawnee,KS,178146,41
Sheridan,KS,2509,-1
Sherman,KS,5965,2
Smith,KS,3632,0
Stafford,KS,4208,1
Stanton,KS,2062,-1
Stevens,KS,5584,0
Sumner,KS,23272,4
Thomas,KS,7892,1
Trego,KS,2872,1
Wabaunsee,KS,6891,1
Wallace,KS,1497,-1
Washington,KS,5546,-1
Wichita,KS,2112,-1
Wilson,KS,8723,2
Woodson,KS,3165,2
Wyandotte,KS,163831,27
Adair,KY,19280,4
Allen,KY,20631,5
Anderson,KY,22158,2
Ballard,KY,8054,2
Barren,KY,43993,8
Bath,KY,12327,3
Bell,KY,27117,6
Boone,KY,128536,16
Bourbon,KY,20030,2
Boyd,KY,48132,13
Boyle,KY,30018,6
Bracken,KY,8400,4
Breathitt,KY,13284,6
Breckinridge,KY,19961,1
Bullitt,KY,79151,12
Butler,KY,12845,1
Caldwell,KY,12568,4
Calloway,KY,38437,8
Campbell,KY,92211,9
Carlisle,KY,4855,4
Carroll,KY,10679,2
Carter,KY,27046,1
Casey,KY,15815,6
Christian,KY,72351,12
Clark,KY,35819,4
Clay,KY,20766,6
Clinton,KY,10177,2
Crittenden,KY,9188,2
Cumberland,KY,6738,2
Daviess,KY,99674,32
Edmonson,KY,12114,1
Elliott,KY,7588,1
Estill,KY,14307,6
Fayette,KY,318449,49
Fleming,KY,14507,4
Floyd,KY,37110,5
Franklin,KY,50560,8
Fulton,KY,6179,2
Gallatin,KY,8609,1
Garrard,KY,17292,1
Grant,KY,24923,5
Graves,KY,37182,9
Grayson,KY,26184,7
Green,KY,11060,2
Greenup,KY,35893,9
Hancock,KY,8810,2
Hardin,KY,107316,18
Harlan,KY,27168,5
Harrison,KY,18646,2
Hart,KY,18627,1
Henderson,KY,46253,6
Henry,KY,15818,3
Hickman,KY,4627,1
Hopkins,KY,45904,8
Jackson,KY,13368,4
Jefferson,KY,765352,138
Jessamine,KY,52357,2
Johnson,KY,22978,2
Kenton,KY,164945,22
Knott,KY,15544,3
Knox,KY,31687,4
Larue,KY,14096,4
Laurel,KY,60250,8
Lawrence,KY,15863,1
Lee,KY,6580,0
Leslie,KY,10538,2
Letcher,KY,22773,4
Lewis,KY,13442,5
Lincoln,KY,24372,10
Livingston,KY,9269,3
Logan,KY,26593,2
Lyon,KY,8069,3
McCracken,KY,65162,15
McCreary,KY,17511,1
McLean,KY,9475,0
Madison,KY,89547,12
Magoffin,KY,12684,1
Marion,KY,19205,1
Marshall,KY,31365,10
Martin,KY,12002,0
Mason,KY,17190,3
Meade,KY,28126,2
Menifee,KY,6408,3
Mercer,KY,21477,3
Metcalfe,KY,10018,1
Monroe,KY,10588,3
Montgomery,KY,27771,5
Morgan,KY,13298,3
Muhlenberg,KY,31028,5
Nelson,KY,45559,9
Nicholas,KY,7084,1
Ohio,KY,24378,3
Oldham,KY,65560,9
Owen,KY,10642,4
Owsley,KY,4491,0
Pendleton,KY,14560,2
Perry,KY,27343,3
Pike,KY,60555,13
Powell,KY,12308,2
Pulaski,KY,63956,8
Robertson,KY,2155,-1
Rockcastle,KY,16850,2
Rowan,KY,24451,4
Russell,KY,17722,3
Scott,KY,53972,4
Shelby,KY,46408,7
Simpson,KY,18083,0
Spencer,KY,18274,1
Taylor,KY,25397,2
Todd,KY,12295,1
Trigg,KY,14264,2
Trimble,KY,8620,2
Union,KY,14880,3
Warren,KY,125532,20
Washington,KY,12189,1
Wayne,KY,20453,4
Webster,KY,13316,2
Whitley,KY,36096,7
Wolfe,KY,7159,2
Woodford,KY,26124,9
Acadia,LA,62645,13
Allen,LA,25684,2
Ascension,LA,121587,15
Assumption,LA,22695,1
Avoyelles,LA,41117,11
Beauregard,LA,36927,5
Bienville,LA,13865,1
Bossier,LA,126057,18
Caddo,LA,248851,31
Calcasieu,LA,200601,41
Caldwell,LA,10087,2
Cameron,LA,6882,0
Catahoula,LA,9921,1
Claiborne,LA,16132,3
Concordia,LA,19920,2
DeSoto,LA,27149,4
EastBatonRouge,LA,447037,42
EastCarroll,LA,7271,1
EastFeliciana,LA,19683,2
Evangeline,LA,33709,7
Franklin,LA,20330,4
Grant,LA,22365,4
Iberia,LA,73273,7
Iberville,LA,32920,1
Jackson,LA,15808,1
Jefferson,LA,436523,60
JeffersonDavis,LA,31413,5
Lafayette,LA,241398,38
Lafourche,LA,98305,19
LaSalle,LA,15052,2
Lincoln,LA,47745,3
Livingston,LA,140138,24
Madison,LA,11528,1
Morehouse,LA,26071,3
Natchitoches,LA,39162,12
Orleans,LA,391495,38
Ouachita,LA,156983,16
Plaquemines,LA,23464,1
PointeCoupee,LA,22159,4
Rapides,LA,132424,35
RedRiver,LA,8550,1
Richland,LA,20430,3
Sabine,LA,23977,3
St.Bernard,LA,45688,8
St.Charles,LA,52923,6
St.Helena,LA,10512,1
St.James,LA,21557,2
St.JohntheBaptist,LA,43631,7
St.Landry,LA,83883,18
St.Martin,LA,54007,13
St.Mary,LA,52093,5
St.Tammany,LA,253602,45
Tangipahoa,LA,130710,24
Tensas,LA,4597,-1
Terrebonne,LA,113220,20
Union,LA,22487,2
Vermilion,LA,60205,6
Vernon,LA,50569,14
Washington,LA,46310,3
Webster,LA,39710,5
WestBatonRouge,LA,25795,3
WestCarroll,LA,11114,4
WestFeliciana,LA,15344,3
Winn,LA,14376,1
Androscoggin,ME,107319,22
Aroostook,ME,67959,15
Cumberland,ME,292041,33
Franklin,ME,30001,5
Hancock,ME,54419,10
Kennebec,ME,120569,19
Knox,ME,39744,12
Lincoln,ME,34216,6
Oxford,ME,57217,5
Penobscot,ME,151806,24
Piscataquis,ME,16843,1
Sagadahoc,ME,35273,8
Somerset,ME,50915,9
Waldo,ME,39364,14
Washington,ME,31450,8
York,ME,202343,35
Allegany,MD,72130,12
AnneArundel,MD,568346,53
Baltimore,MD,831026,91
Calvert,MD,91251,13
Caroline,MD,32850,4
Carroll,MD,167656,21
Cecil,MD,102603,16
Charles,MD,157705,20
Dorchester,MD,32258,5
Frederick,MD,247591,29
Garrett,MD,29425,8
Harford,MD,251032,31
Howard,MD,317233,23
Kent,MD,19730,4
Montgomery,MD,1043863,84
PrinceGeorge's,MD,908049,54
QueenAnne's,MD,48929,7
St.Mary's,MD,112587,5
Somerset,MD,25928,3
Talbot,MD,37278,6
Washington,MD,150292,25
Wicomico,MD,102577,10
Worcester,MD,51444,10
Baltimore,MD,614664,52
Barnstable,MA,214276,25
Berkshire,MA,126903,15
Bristol,MA,558324,60
Dukes,MA,17246,4
Essex,MA,779018,72
Franklin,MA,70382,8
Hampden,MA,468467,37
Hampshire,MA,161816,16
Middlesex,MA,1589774,156
Nantucket,MA,11008,1
Norfolk,MA,697181,57
Plymouth,MA,513565,54
Suffolk,MA,784230,50
Worcester,MA,819589,76
Alcona,MI,10352,8
Alger,MI,9219,1
Allegan,MI,115548,15
Alpena,MI,28704,5
Antrim,MI,23144,9
Arenac,MI,15122,4
Baraga,MI,8503,2
Barry,MI,59702,10
Bay,MI,104747,20
Benzie,MI,17572,0
Berrien,MI,154010,24
Branch,MI,43427,9
Calhoun,MI,134386,25
Cass,MI,51599,13
Charlevoix,MI,26174,3
Cheboygan,MI,25401,4
Chippewa,MI,37724,5
Clare,MI,30358,9
Clinton,MI,77888,13
Crawford,MI,13744,3
Delta,MI,36202,9
Dickinson,MI,25535,7
Eaton,MI,109160,16
Emmet,MI,33182,4
Genesee,MI,408615,37
Gladwin,MI,25122,6
Gogebic,MI,15243,1
GrandTraverse,MI,92084,15
Gratiot,MI,41202,0
Hillsdale,MI,45774,11
Houghton,MI,36555,5
Huron,MI,31481,9
Ingham,MI,288051,41
Ionia,MI,64232,7
Iosco,MI,25327,9
Iron,MI,11195,3
Isabella,MI,71282,8
Jackson,MI,158460,12
Kalamazoo,MI,261654,35
Kalkaska,MI,17263,3
Kent,MI,642173,75
Keweenaw,MI,2199,-1
Lake,MI,11496,4
Lapeer,MI,88340,17
Leelanau,MI,21765,1
Lenawee,MI,98504,20
Livingston,MI,188624,37
Luce,MI,6358,1
Mackinac,MI,10820,3
Macomb,MI,867730,124
Manistee,MI,24373,6
Marquette,MI,66435,11
Mason,MI,28876,5
Mecosta,MI,43221,8
Menominee,MI,23281,4
Midland,MI,83462,12
Missaukee,MI,15102,1
Monroe,MI,149208,27
Montcalm,MI,62974,11
Montmorency,MI,9173,5
Muskegon,MI,173408,24
Newaygo,MI,47938,11
Oakland,MI,1243970,143
Oceana,MI,26027,4
Ogemaw,MI,20904,4
Ontonagon,MI,5911,1
Osceola,MI,23110,4
Oscoda,MI,8264,2
Otsego,MI,24470,6
Ottawa,MI,282250,25
PresqueIsle,MI,12762,2
Roscommon,MI,23700,4
Saginaw,MI,192326,19
St.Clair,MI,159587,26
St.Joseph,MI,60853,10
Sanilac,MI,41409,6
Schoolcraft,MI,8001,0
Shiawassee,MI,68554,8
Tuscola,MI,53338,11
VanBuren,MI,75223,10
Washtenaw,MI,364709,39
Wayne,MI,1749366,210
Wexford,MI,33163,3
Aitkin,MN,15583,5
Anoka,MN,345957,52
Becker,MN,33734,5
Beltrami,MN,46106,8
Benton,MN,39992,6
BigStone,MN,5050,3
BlueEarth,MN,66441,16
Brown,MN,25331,3
Carlton,MN,35738,6
Carver,MN,100262,8
Cass,MN,28993,8
Chippewa,MN,12133,3
Chisago,MN,54748,7
Clay,MN,62875,6
Clearwater,MN,8827,2
Cook,MN,5286,-1
Cottonwood,MN,11470,1
CrowWing,MN,63940,9
Dakota,MN,417486,47
Dodge,MN,20506,2
Douglas,MN,37456,5
Faribault,MN,13935,2
Fillmore,MN,21003,5
Freeborn,MN,30446,3
Goodhue,MN,46676,6
Grant,MN,5956,0
Hennepin,MN,1232483,137
Houston,MN,18814,2
Hubbard,MN,20718,2
Isanti,MN,39025,6
Itasca,MN,45242,9
Jackson,MN,9944,2
Kanabec,MN,15830,2
Kandiyohi,MN,42495,2
Kittson,MN,4333,1
Koochiching,MN,12628,4
LacquiParle,MN,6715,1
Lake,MN,10625,2
LakeoftheWoods,MN,3814,0
LeSueur,MN,27591,2
Lincoln,MN,5783,-1
Lyon,MN,25699,4
McLeod,MN,35842,9
Mahnomen,MN,5465,2
Marshall,MN,9324,0
Martin,MN,19829,2
Meeker,MN,23110,8
MilleLacs,MN,25866,7
Morrison,MN,32821,7
Mower,MN,39163,3
Murray,MN,8329,1
Nicollet,MN,33575,5
Nobles,MN,21848,3
Norman,MN,6579,0
Olmsted,MN,153102,19
OtterTail,MN,58085,14
Pennington,MN,14235,3
Pine,MN,28874,9
Pipestone,MN,9202,2
Polk,MN,31660,6
Pope,MN,11049,2
Ramsey,MN,540649,67
RedLake,MN,4007,2
Redwood,MN,15263,3
Renville,MN,14660,0
Rice,MN,65622,9
Rock,MN,9564,0
Roseau,MN,15626,4
St.Louis,MN,199980,39
Scott,MN,143680,11
Sherburne,MN,93528,12
Sibley,MN,14827,3
Stearns,MN,155652,20
Steele,MN,36805,1
Stevens,MN,9693,0
Swift,MN,9419,1
Todd,MN,24233,4
Traverse,MN,3356,-1
Wabasha,MN,21273,4
Wadena,MN,13761,4
Waseca,MN,18911,7
Washington,MN,253117,27
Watonwan,MN,10908,3
Wilkin,MN,6358,0
Winona,MN,50948,7
Wright,MN,132550,18
YellowMedicine,MN,9935,1
Adams,MS,31248,3
Alcorn,MS,37304,4
Amite,MS,12458,5
Attala,MS,18934,6
Benton,MS,8264,0
Bolivar,MS,32737,1
Calhoun,MS,14610,0
Carroll,MS,10255,1
Chickasaw,MS,17246,2
Choctaw,MS,8242,0
Claiborne,MS,9139,0
Clarke,MS,15888,1
Clay,MS,19850,4
Coahoma,MS,23809,0
Copiah,MS,28482,4
Covington,MS,19569,2
DeSoto,MS,175611,24
Forrest,MS,75979,9
Franklin,MS,7782,2
George,MS,23695,2
Greene,MS,13408,1
Grenada,MS,21275,1
Hancock,MS,46791,9
Harrison,MS,203234,46
Hinds,MS,241229,25
Holmes,MS,17999,1
Humphreys,MS,8513,-1
Issaquena,MS,1294,-1
Itawamba,MS,23529,4
Jackson,MS,141241,14
Jasper,MS,16578,2
Jefferson,MS,7297,1
JeffersonDavis,MS,11385,2
Jones,MS,67953,10
Kemper,MS,9896,1
Lafayette,MS,53796,4
Lamar,MS,60914,10
Lauderdale,MS,77755,4
Lawrence,MS,12749,2
Leake,MS,22620,3
Lee,MS,85381,8
Leflore,MS,29856,1
Lincoln,MS,34523,4
Lowndes,MS,59602,7
Madison,MS,105114,15
Marion,MS,25251,3
Marshall,MS,35801,3
Monroe,MS,35873,6
Montgomery,MS,10187,0
Neshoba,MS,29403,5
Newton,MS,21558,5
Noxubee,MS,11038,-1
Oktibbeha,MS,49833,3
Panola,MS,34164,5
PearlRiver,MS,55310,8
Perry,MS,12245,3
Pike,MS,39667,7
Pontotoc,MS,31550,4
Prentiss,MS,25256,4
Quitman,MS,7349,1
Rankin,MS,150228,24
Scott,MS,28207,4
Sharkey,MS,4552,0
Simpson,MS,26912,4
Smith,MS,15909,3
Stone,MS,18012,4
Sunflower,MS,26407,3
Tallahatchie,MS,14394,2
Tate,MS,28201,3
Tippah,MS,22190,4
Tishomingo,MS,19491,3
Tunica,MS,10234,1
Union,MS,28311,3
Walthall,MS,14599,3
Warren,MS,47140,5
Washington,MS,47231,2
Wayne,MS,20480,3
Webster,MS,9767,2
Wilkinson,MS,9047,2
Winston,MS,18160,1
Yalobusha,MS,12471,1
Yazoo,MS,27264,4
Adair,MO,25359,7
Andrew,MO,17350,1
Atchison,MO,5293,-1
Audrain,MO,26021,7
Barry,MO,35732,2
Barton,MO,11908,2
Bates,MO,16417,2
Benton,MO,18839,8
Bollinger,MO,12052,2
Boone,MO,176594,21
Buchanan,MO,88938,14
Butler,MO,42739,8
Caldwell,MO,9062,0
Callaway,MO,45078,12
Camden,MO,44497,10
CapeGirardeau,MO,78913,17
Carroll,MO,8913,2
Carter,MO,6168,3
Cass,MO,102845,21
Cedar,MO,14016,4
Chariton,MO,7516,-1
Christian,MO,84401,12
Clark,MO,6723,1
Clay,MO,239085,47
Clinton,MO,20610,9
Cole,MO,76631,10
Cooper,MO,17712,2
Crawford,MO,24302,8
Dade,MO,7631,1
Dallas,MO,16448,4
Daviess,MO,8209,1
DeKalb,MO,12613,1
Dent,MO,15387,2
Douglas,MO,13358,7
Dunklin,MO,30535,3
Franklin,MO,102838,29
Gasconade,MO,14808,2
Gentry,MO,6661,0
Greene,MO,288690,54
Grundy,MO,10165,3
Harrison,MO,8556,1
Henry,MO,21594,2
Hickory,MO,9269,2
Holt,MO,4448,0
Howard,MO,10058,3
Howell,MO,40210,6
Iron,MO,10022,2
Jackson,MO,691801,131
Jasper,MO,119111,31
Jefferson,MO,224226,48
Johnson,MO,53942,11
Knox,MO,3934,0
Laclede,MO,35490,10
Lafayette,MO,32618,7
Lawrence,MO,38381,9
Lewis,MO,10134,4
Lincoln,MO,55267,17
Linn,MO,12164,4
Livingston,MO,15235,4
McDonald,MO,22620,2
Macon,MO,15170,2
Madison,MO,12443,1
Maries,MO,8858,0
Marion,MO,28894,7
Mercer,MO,3699,0
Miller,MO,25206,7
Mississippi,MO,13799,3
Moniteau,MO,16018,1
Monroe,MO,8558,0
Montgomery,MO,11620,5
Morgan,MO,20213,3
NewMadrid,MO,17915,10
Newton,MO,58694,16
Nodaway,MO,22670,2
Oregon,MO,10789,4
Osage,MO,13664,2
Ozark,MO,9237,0
Pemiscot,MO,17073,0
Perry,MO,19285,5
Pettis,MO,42213,7
Phelps,MO,44608,9
Pike,MO,18438,9
Platte,MO,98309,20
Polk,MO,31285,7
Pulaski,MO,52654,15
Putnam,MO,4853,0
Ralls,MO,10224,3
Randolph,MO,24989,3
Ray,MO,22754,9
Reynolds,MO,6455,0
Ripley,MO,13817,2
St.Charles,MO,390918,65
St.Clair,MO,9272,4
Ste.Genevieve,MO,18030,1
St.Francois,MO,66627,11
St.Louis,MO,998581,130
Saline,MO,22980,6
Schuyler,MO,4394,0
Scotland,MO,4932,0
Scott,MO,38745,13
Shannon,MO,8168,1
Shelby,MO,6082,1
Stoddard,MO,29588,4
Stone,MO,31047,19
Sullivan,MO,6262,0
Taney,MO,54735,15
Texas,MO,25775,3
Vernon,MO,20723,3
Warren,MO,33802,7
Washington,MO,24839,7
Wayne,MO,13139,5
Webster,MO,38106,8
Worth,MO,2024,-1
Wright,MO,18286,4
St.Louis,MO,311404,38
Beaverhead,MT,9401,1
BigHorn,MT,13343,1
Blaine,MT,6601,1
Broadwater,MT,5747,0
Carbon,MT,10460,2
Carter,MT,1203,-1
Cascade,MT,81755,18
Chouteau,MT,5759,2
Custer,MT,11924,6
Daniels,MT,1755,-1
Dawson,MT,9327,0
DeerLodge,MT,9085,8
Fallon,MT,3120,-1
Fergus,MT,11413,3
Flathead,MT,98082,25
Gallatin,MT,104502,27
Garfield,MT,1310,-1
Glacier,MT,13694,3
GoldenValley,MT,831,-1
Granite,MT,3368,0
Hill,MT,16542,2
Jefferson,MT,11853,2
JudithBasin,MT,1940,-1
Lake,MT,29758,7
LewisandClark,MT,67282,15
Liberty,MT,2409,-1
Lincoln,MT,19259,6
McCone,MT,1700,-1
Madison,MT,7924,2
Meagher,MT,1827,1
Mineral,MT,4184,1
Missoula,MT,116130,33
Musselshell,MT,4589,2
Park,MT,16114,4
Petroleum,MT,489,-1
Phillips,MT,4133,0
Pondera,MT,6084,2
PowderRiver,MT,1746,-1
Powell,MT,6858,0
Prairie,MT,1182,-1
Ravalli,MT,42088,12
Richland,MT,11482,5
Roosevelt,MT,11305,2
Rosebud,MT,9287,2
Sanders,MT,11534,3
Sheridan,MT,3648,0
SilverBow,MT,34553,12
Stillwater,MT,9406,0
SweetGrass,MT,3623,4
Teton,MT,6056,0
Toole,MT,4977,5
Treasure,MT,692,-1
Valley,MT,7539,2
Wheatland,MT,2117,-1
Wibaux,MT,1093,-1
Yellowstone,MT,158437,40
Adams,NE,31684,1
Antelope,NE,6329,1
Arthur,NE,469,-1
Banner,NE,798,-1
Blaine,NE,484,-1
Boone,NE,5332,-1
BoxButte,NE,11194,2
Boyd,NE,1982,-1
Brown,NE,2960,-1
Buffalo,NE,49383,8
Burt,NE,6546,1
Butler,NE,8052,1
Cass,NE,25767,5
Cedar,NE,8671,1
Chase,NE,3937,0
Cherry,NE,5832,2
Cheyenne,NE,10051,1
Clay,NE,6163,1
Colfax,NE,10414,3
Cuming,NE,9016,-1
Custer,NE,10807,1
Dakota,NE,20465,0
Dawes,NE,8979,2
Dawson,NE,23640,2
Deuel,NE,1873,-1
Dixon,NE,5762,1
Dodge,NE,36757,7
Douglas,NE,554995,58
Dundy,NE,1831,-1
Fillmore,NE,5720,1
Franklin,NE,3014,-1
Frontier,NE,2621,-1
Furnas,NE,4787,0
Gage,NE,21799,6
Garden,NE,1930,-1
Garfield,NE,2011,-1
Gosper,NE,1971,-1
Grant,NE,641,-1
Greeley,NE,2399,-1
Hall,NE,61705,8
Hamilton,NE,9186,-1
Harlan,NE,3473,-1
Hayes,NE,897,-1
Hitchcock,NE,2825,-1
Holt,NE,10250,0
Hooker,NE,708,-1
Howard,NE,6429,0
Jefferson,NE,7177,2
Johnson,NE,5171,3
Kearney,NE,6552,2
Keith,NE,8018,0
KeyaPaha,NE,791,-1
Kimball,NE,3679,0
Knox,NE,8571,3
Lancaster,NE,309637,44
Lincoln,NE,35550,5
Logan,NE,772,-1
Loup,NE,591,-1
McPherson,NE,493,-1
Madison,NE,35015,10
Merrick,NE,7828,0
Morrill,NE,4787,0
Nance,NE,3576,-1
Nemaha,NE,6971,2
Nuckolls,NE,4265,-1
Otoe,NE,16081,6
Pawnee,NE,2652,0
Perkins,NE,2898,-1
Phelps,NE,9266,0
Pierce,NE,7159,1
Platte,NE,32861,6
Polk,NE,5203,-1
RedWillow,NE,10722,1
Richardson,NE,8060,1
Rock,NE,1390,-1
Saline,NE,14331,0
Sarpy,NE,179023,20
Saunders,NE,21038,1
ScottsBluff,NE,36422,4
Seward,NE,17284,2
Sheridan,NE,5234,0
Sherman,NE,3054,-1
Sioux,NE,1242,-1
Stanton,NE,5944,-1
Thayer,NE,5101,-1
Thomas,NE,716,-1
Thurston,NE,7127,0
Valley,NE,4184,-1
Washington,NE,20603,3
Wayne,NE,9365,0
Webster,NE,3603,3
Wheeler,NE,776,-1
York,NE,13794,1
Churchill,NV,24198,9
Clark,NV,2155664,419
Douglas,NV,48020,10
Elko,NV,52168,14
Esmeralda,NV,790,-1
Eureka,NV,1917,-1
Humboldt,NV,16842,10
Lander,NV,5702,2
Lincoln,NV,5055,2
Lyon,NV,53179,14
Mineral,NV,4449,0
Nye,NV,43423,15
Pershing,NV,6560,6
Storey,NV,4051,2
Washoe,NV,453616,126
WhitePine,NV,9682,2
Carson,NV,54742,18
Belknap,NH,60779,12
Carroll,NH,47289,8
Cheshire,NH,75774,12
Coos,NH,32039,14
Grafton,NH,88888,18
Hillsborough,NH,407761,78
Merrimack,NH,148582,29
Rockingham,NH,303251,34
Strafford,NH,127428,23
Sullivan,NH,43004,16
Atlantic,NJ,270991,33
Bergen,NJ,939151,77
Burlington,NJ,449284,49
Camden,NJ,510150,49
CapeMay,NJ,94430,8
Cumberland,NJ,153797,7
Essex,NJ,796914,47
Gloucester,NJ,292330,28
Hudson,NJ,677983,37
Hunterdon,NJ,124676,18
Mercer,NJ,371023,21
Middlesex,NJ,837073,65
Monmouth,NJ,625846,51
Morris,NJ,498423,31
Ocean,NJ,592497,37
Passaic,NJ,507945,26
Salem,NJ,63436,8
Somerset,NJ,333751,24
Sussex,NJ,142522,24
Union,NJ,555630,32
Warren,NJ,106617,15
Bernalillo,NM,676953,137
Catron,NM,3508,2
Chaves,NM,65282,9
Cibola,NM,27487,5
Colfax,NM,12253,5
Curry,NM,50280,12
DeBaca,NM,1793,0
DonaAna,NM,214207,34
Eddy,NM,57621,18
Grant,NM,28280,9
Guadalupe,NM,4376,0
Harding,NM,665,-1
Hidalgo,NM,4302,0
Lea,NM,69749,11
Lincoln,NM,19429,4
LosAlamos,NM,18147,3
Luna,NM,24450,11
McKinley,NM,74923,18
Mora,NM,4504,2
Otero,NM,65410,21
Quay,NM,8365,5
RioArriba,NM,40040,10
Roosevelt,NM,19082,4
Sandoval,NM,142025,21
SanJuan,NM,115079,32
SanMiguel,NM,27760,8
SantaFe,NM,148651,48
Sierra,NM,11191,4
Socorro,NM,17027,3
Taos,NM,33065,13
Torrance,NM,15302,5
Union,NM,4183,1
Valencia,NM,75626,16
Albany,NY,308846,24
Allegany,NY,47077,8
Bronx,NY,1455720,89
Broome,NY,195334,25
Cattaraugus,NY,77677,10
Cayuga,NY,77861,10
Chautauqua,NY,129504,19
Chemung,NY,86322,14
Chenango,NY,48579,9
Clinton,NY,81073,12
Columbia,NY,60989,16
Cortland,NY,48070,6
Delaware,NY,45523,12
Dutchess,NY,294473,31
Erie,NY,921046,105
Essex,NY,38102,3
Franklin,NY,50409,8
Fulton,NY,53828,6
Genesee,NY,58482,10
Greene,NY,47508,3
Hamilton,NY,4542,1
Herkimer,NY,62613,9
Jefferson,NY,114006,18
Kings,NY,2629150,130
Lewis,NY,26865,2
Livingston,NY,64257,10
Madison,NY,71329,6
Monroe,NY,747727,82
Montgomery,NY,49276,4
Nassau,NY,1361500,110
NewYork,NY,1643734,114
Niagara,NY,211758,36
Oneida,NY,231190,19
Onondaga,NY,466194,51
Ontario,NY,109828,14
Orange,NY,379210,21
Orleans,NY,41346,5
Oswego,NY,118987,19
Otsego,NY,60097,3
Putnam,NY,98900,10
Queens,NY,2333054,152
Rensselaer,NY,160070,18
Richmond,NY,476015,31
Rockland,NY,326780,19
St.Lawrence,NY,110038,12
Saratoga,NY,227053,26
Schenectady,NY,154553,20
Schoharie,NY,31317,3
Schuyler,NY,18099,5
Seneca,NY,34777,7
Steuben,NY,96940,11
Suffolk,NY,1492583,139
Sullivan,NY,74801,13
Tioga,NY,48760,5
Tompkins,NY,104871,14
Ulster,NY,179225,21
Warren,NY,64567,7
Washington,NY,61800,5
Wayne,NY,90798,10
Westchester,NY,974542,69
Wyoming,NY,40791,6
Yates,NY,24923,2
Alamance,NC,159688,24
Alexander,NC,37428,11
Alleghany,NC,10848,1
Anson,NC,25448,5
Ashe,NC,26924,7
Avery,NC,17516,3
Beaufort,NC,47526,7
Bertie,NC,19854,2
Bladen,NC,33741,4
Brunswick,NC,126953,12
Buncombe,NC,256088,48
Burke,NC,88851,24
Cabarrus,NC,201590,20
Caldwell,NC,81449,17
Camden,NC,10418,4
Carteret,NC,68890,17
Caswell,NC,22910,3
Catawba,NC,156459,32
Chatham,NC,72243,11
Cherokee,NC,27905,5
Chowan,NC,14383,1
Clay,NC,10915,0
Cleveland,NC,97144,19
Columbus,NC,56505,9
Craven,NC,103445,11
Cumberland,NC,327127,50
Currituck,NC,25809,3
Dare,NC,35964,7
Davidson,NC,164926,31
Davie,NC,42013,11
Duplin,NC,58969,5
Durham,NC,306212,22
Edgecombe,NC,53318,5
Forsyth,NC,371511,43
Franklin,NC,64705,7
Gaston,NC,216965,38
Gates,NC,11478,1
Graham,NC,8558,1
Granville,NC,59031,8
Greene,NC,21168,5
Guilford,NC,521330,60
Halifax,NC,51766,5
Harnett,NC,130881,11
Haywood,NC,60682,13
Henderson,NC,114209,14
Hertford,NC,24136,6
Hoke,NC,53262,8
Hyde,NC,5517,-1
Iredell,NC,172916,31
Jackson,NC,42241,8
Johnston,NC,191450,23
Jones,NC,9845,0
Lee,NC,59616,10
Lenoir,NC,57307,6
Lincoln,NC,81168,14
McDowell,NC,45075,8
Macon,NC,34376,7
Madison,NC,21340,3
Martin,NC,23172,4
Mecklenburg,NC,1054835,105
Mitchell,NC,15126,5
Montgomery,NC,27418,5
Moore,NC,95776,13
Nash,NC,94005,12
NewHanover,NC,223483,31
Northampton,NC,20000,1
Onslow,NC,187136,38
Orange,NC,141796,15
Pamlico,NC,12821,5
Pasquotank,NC,39864,7
Pender,NC,59090,16
Perquimans,NC,13335,1
Person,NC,39284,7
Pitt,NC,177220,13
Polk,NC,20334,10
Randolph,NC,143416,26
Richmond,NC,44939,10
Robeson,NC,133235,10
Rockingham,NC,91393,11
Rowan,NC,139933,25
Rutherford,NC,66421,8
Sampson,NC,63124,6
Scotland,NC,35244,4
Stanly,NC,60791,8
Stokes,NC,46097,14
Surry,NC,72113,17
Swain,NC,14346,1
Transylvania,NC,33482,13
Tyrrell,NC,4141,-1
Union,NC,226606,26
Vance,NC,44244,5
Wake,NC,1046791,97
Warren,NC,19907,3
Washington,NC,12195,0
Watauga,NC,53922,2
Wayne,NC,124150,12
Wilkes,NC,68740,10
Wilson,NC,81661,8
Yadkin,NC,37532,3
Yancey,NC,17678,5
Adams,ND,2305,-1
Barnes,ND,10926,1
Benson,ND,6739,3
Billings,ND,934,-1
Bottineau,ND,6579,1
Bowman,ND,3241,-1
Burke,ND,2198,1
Burleigh,ND,94487,9
Cass,ND,175249,34
Cavalier,ND,3827,0
Dickey,ND,5064,-1
Divide,ND,2413,-1
Dunn,ND,4366,-1
Eddy,ND,2358,0
Emmons,ND,3346,1
Foster,ND,3303,-1
GoldenValley,ND,1817,-1
GrandForks,ND,71083,7
Grant,ND,2377,-1
Griggs,ND,2277,-1
Hettinger,ND,2629,-1
Kidder,ND,2414,-1
LaMoure,ND,4111,0
Logan,ND,1941,-1
McHenry,ND,5963,3
McIntosh,ND,2656,-1
McKenzie,ND,12621,1
McLean,ND,9729,2
Mercer,ND,8694,1
Morton,ND,30809,6
Mountrail,ND,10242,3
Nelson,ND,2960,-1
Oliver,ND,1870,-1
Pembina,ND,7069,1
Pierce,ND,4267,-1
Ramsey,ND,11547,2
Ransom,ND,5404,-1
Renville,ND,2550,-1
Richland,ND,16353,1
Rolette,ND,14659,5
Sargent,ND,3890,-1
Sheridan,ND,1322,-1
Sioux,ND,4469,3
Slope,ND,763,-1
Stark,ND,31199,7
Steele,ND,1962,-1
Stutsman,ND,21128,4
Towner,ND,2263,-1
Traill,ND,8030,-1
Walsh,ND,10904,4
Ward,ND,70210,15
Wells,ND,4098,2
Williams,ND,34337,5
Adams,OH,27907,2
Allen,OH,103742,15
Ashland,OH,53652,6
Ashtabula,OH,98231,19
Athens,OH,66186,10
Auglaize,OH,45894,6
Belmont,OH,68673,10
Brown,OH,43759,11
Butler,OH,377537,48
Carroll,OH,27669,6
Champaign,OH,38747,7
Clark,OH,134786,20
Clermont,OH,203022,30
Clinton,OH,41902,4
Columbiana,OH,103685,16
Coshocton,OH,36602,6
Crawford,OH,42083,9
Cuyahoga,OH,1249352,165
Darke,OH,51778,10
Defiance,OH,38158,7
Delaware,OH,196463,24
Erie,OH,75107,19
Fairfield,OH,152597,19
Fayette,OH,28676,5
Franklin,OH,1264518,140
Fulton,OH,42514,6
Gallia,OH,30015,4
Geauga,OH,94060,15
Greene,OH,164765,20
Guernsey,OH,39063,3
Hamilton,OH,809099,107
Hancock,OH,75872,4
Hardin,OH,31474,5
Harrison,OH,15307,5
Henry,OH,27629,3
Highland,OH,43029,12
Hocking,OH,28340,5
Holmes,OH,43936,3
Huron,OH,58439,9
Jackson,OH,32505,4
Jefferson,OH,66704,13
Knox,OH,60814,12
Lake,OH,228614,32
Lawrence,OH,60872,9
Licking,OH,172198,29
Logan,OH,45165,5
Lorain,OH,306365,45
Lucas,OH,432488,62
Madison,OH,43419,5
Mahoning,OH,230008,40
Marion,OH,65096,14
Medina,OH,177221,31
Meigs,OH,23125,8
Mercer,OH,40909,6
Miami,OH,104679,12
Monroe,OH,14210,3
Montgomery,OH,531239,89
Morgan,OH,14804,3
Morrow,OH,35036,4
Muskingum,OH,86068,18
Noble,OH,14294,3
Ottawa,OH,40636,4
Paulding,OH,18865,4
Perry,OH,35927,5
Pickaway,OH,57565,9
Pike,OH,28160,6
Portage,OH,161921,28
Preble,OH,41247,8
Putnam,OH,34056,4
Richland,OH,121107,17
Ross,OH,77000,14
Sandusky,OH,59330,6
Scioto,OH,76088,11
Seneca,OH,55353,11
Shelby,OH,48623,1
Stark,OH,373612,81
Summit,OH,540300,95
Trumbull,OH,201825,40
Tuscarawas,OH,92420,10
Union,OH,55457,5
VanWert,OH,28362,1
Vinton,OH,12921,1
Warren,OH,227063,31
Washington,OH,60610,9
Wayne,OH,116470,11
Williams,OH,37017,6
Wood,OH,130219,24
Wyandot,OH,22118,3
Adair,OK,22098,9
Alfalfa,OK,5827,-1
Atoka,OK,13810,3
Beaver,OK,5382,0
Beckham,OK,22519,4
Blaine,OK,9643,2
Bryan,OK,45573,9
Caddo,OK,29557,10
Canadian,OK,136532,23
Carter,OK,48556,14
Cherokee,OK,48700,8
Choctaw,OK,14885,3
Cimarron,OK,2162,-1
Cleveland,OK,278655,54
Coal,OK,5651,0
Comanche,OK,122136,18
Cotton,OK,5941,1
Craig,OK,14625,4
Creek,OK,71312,25
Custer,OK,29293,7
Delaware,OK,41598,8
Dewey,OK,4819,0
Ellis,OK,4080,0
Garfield,OK,62603,15
Garvin,OK,27838,8
Grady,OK,54655,11
Grant,OK,4465,0
Greer,OK,5998,1
Harmon,OK,2704,-1
Harper,OK,3717,-1
Haskell,OK,12747,2
Hughes,OK,13566,3
Jackson,OK,25497,4
Jefferson,OK,6230,2
Johnston,OK,11087,4
Kay,OK,44943,11
Kingfisher,OK,15638,7
Kiowa,OK,9077,2
Latimer,OK,10414,1
LeFlore,OK,49873,19
Lincoln,OK,35129,7
Logan,OK,46588,7
Love,OK,9997,4
McClain,OK,38682,12
McCurtain,OK,32822,10
McIntosh,OK,19815,6
Major,OK,7772,3
Marshall,OK,16191,3
Mayes,OK,40920,7
Murray,OK,13918,5
Muskogee,OK,69477,18
Noble,OK,11384,0
Nowata,OK,10419,3
Okfuskee,OK,12167,3
Oklahoma,OK,782970,152
Okmulgee,OK,39213,9
Osage,OK,47806,5
Ottawa,OK,31691,6
Pawnee,OK,16485,2
Payne,OK,81131,18
Pittsburg,OK,44173,10
Pontotoc,OK,38330,4
Pottawatomie,OK,72290,22
Pushmataha,OK,11057,4
RogerMills,OK,3640,2
Rogers,OK,91766,19
Seminole,OK,25207,1
Sequoyah,OK,41294,11
Stephens,OK,44090,9
Texas,OK,21098,3
Tillman,OK,7465,4
Tulsa,OK,642940,122
Wagoner,OK,77679,16
Washington,OK,52087,14
Washita,OK,11447,1
Woods,OK,9201,3
Woodward,OK,20814,3
Baker,OR,16059,5
Benton,OR,89385,13
Clackamas,OR,408062,62
Clatsop,OR,38632,10
Columbia,OR,50785,14
Coos,OR,63761,17
Crook,OR,22570,7
Curry,OR,22713,11
Deschutes,OR,181307,34
Douglas,OR,108457,30
Gilliam,OR,1854,-1
Grant,OR,7158,3
Harney,OR,7292,3
HoodRiver,OR,23232,0
Jackson,OR,216527,49
Jefferson,OR,23080,3
Josephine,OR,85904,21
Klamath,OR,66443,18
Lake,OR,7837,2
Lane,OR,369519,79
Lincoln,OR,47806,24
Linn,OR,122849,30
Malheur,OR,30439,7
Marion,OR,336316,56
Morrow,OR,11274,2
Multnomah,OR,799766,122
Polk,OR,81823,7
Sherman,OR,1710,-1
Tillamook,OR,26143,10
Umatilla,OR,76456,15
Union,OR,26087,3
Wallowa,OR,6946,1
Wasco,OR,26115,6
Washington,OR,582779,81
Wheeler,OR,1344,-1
Yamhill,OR,105035,25
Adams,PA,102180,17
Allegheny,PA,1225365,179
Armstrong,PA,66486,17
Beaver,PA,167429,27
Bedford,PA,48325,10
Berks,PA,414812,75
Blair,PA,124650,11
Bradford,PA,60770,15
Bucks,PA,626399,83
Butler,PA,186847,22
Cambria,PA,134732,34
Cameron,PA,4677,0
Carbon,PA,63594,20
Centre,PA,161464,23
Chester,PA,516312,67
Clarion,PA,38513,10
Clearfield,PA,80596,20
Clinton,PA,39233,2
Columbia,PA,66420,15
Crawford,PA,86257,20
Cumberland,PA,248506,31
Dauphin,PA,273707,43
Delaware,PA,563402,68
Elk,PA,30480,8
Erie,PA,276207,48
Fayette,PA,132733,29
Forest,PA,7321,5
Franklin,PA,153851,26
Fulton,PA,14640,2
Greene,PA,37197,6
Huntingdon,PA,45634,8
Indiana,PA,86364,12
Jefferson,PA,44073,7
Juniata,PA,24863,4
Lackawanna,PA,211321,41
Lancaster,PA,538500,64
Lawrence,PA,87294,19
Lebanon,PA,138863,18
Lehigh,PA,363147,62
Luzerne,PA,316383,51
Lycoming,PA,115248,23
McKean,PA,41883,9
Mercer,PA,112913,18
Mifflin,PA,46342,13
Monroe,PA,166098,38
Montgomery,PA,821725,122
Montour,PA,18343,3
Northampton,PA,302294,43
Northumberland,PA,92541,12
Perry,PA,45820,9
Philadelphia,PA,1567872,149
Pike,PA,55562,12
Potter,PA,16885,2
Schuylkill,PA,143573,47
Snyder,PA,40468,4
Somerset,PA,75061,14
Sullivan,PA,6137,0
Susquehanna,PA,40862,7
Tioga,PA,41467,7
Union,PA,45565,5
Venango,PA,52582,8
Warren,PA,40025,6
Washington,PA,207981,39
Wayne,PA,50710,16
Westmoreland,PA,355458,69
Wyoming,PA,27521,4
York,PA,443744,72
Bristol,RI,49067,6
Kent,RI,164614,24
Newport,RI,82784,13
Providence,RI,633673,64
Washington,RI,126288,19
Abbeville,SC,24872,5
Aiken,SC,167458,36
Allendale,SC,9045,-1
Anderson,SC,196569,47
Bamberg,SC,14434,2
Barnwell,SC,21483,3
Beaufort,SC,183149,18
Berkeley,SC,210898,39
Calhoun,SC,14796,4
Charleston,SC,396484,57
Cherokee,SC,56646,8
Chester,SC,32181,8
Chesterfield,SC,46013,5
Clarendon,SC,33951,2
Colleton,SC,37923,7
Darlington,SC,67234,13
Dillon,SC,30858,3
Dorchester,SC,153773,29
Edgefield,SC,26358,3
Fairfield,SC,22653,6
Florence,SC,138742,11
Georgetown,SC,61399,17
Greenville,SC,498766,80
Greenwood,SC,70133,9
Hampton,SC,19922,0
Horry,SC,322342,59
Jasper,SC,28465,8
Kershaw,SC,64097,13
Lancaster,SC,89594,16
Laurens,SC,66777,7
Lee,SC,17635,1
Lexington,SC,286196,64
McCormick,SC,9643,1
Marion,SC,31726,10
Marlboro,SC,26945,1
Newberry,SC,38079,7
Oconee,SC,76355,15
Orangeburg,SC,87903,8
Pickens,SC,122863,33
Richland,SC,409549,52
Saluda,SC,20197,4
Spartanburg,SC,301463,44
Sumter,SC,107396,12
Union,SC,27673,5
Williamsburg,SC,31955,2
York,SC,258526,41
Aurora,SD,2736,-1
Beadle,SD,18101,5
Bennett,SD,3460,0
BonHomme,SD,6984,2
Brookings,SD,34135,5
Brown,SD,39128,4
Brule,SD,5238,1
Buffalo,SD,2043,6
Butte,SD,10205,0
Campbell,SD,1378,-1
CharlesMix,SD,9396,2
Clark,SD,3656,-1
Clay,SD,14086,1
Codington,SD,28063,2
Corson,SD,4132,1
Custer,SD,8596,2
Davison,SD,19903,3
Day,SD,5571,-1
Deuel,SD,4231,-1
Dewey,SD,5742,1
Douglas,SD,2932,-1
Edmunds,SD,3952,-1
FallRiver,SD,6849,2
Faulk,SD,2354,-1
Grant,SD,7148,1
Gregory,SD,4171,1
Haakon,SD,1892,-1
Hamlin,SD,6028,-1
Hand,SD,3319,-1
Hanson,SD,3374,-1
Harding,SD,1278,-1
Hughes,SD,17600,2
Hutchinson,SD,7368,-1
Hyde,SD,1352,-1
Jackson,SD,3326,1
Jerauld,SD,2004,-1
Jones,SD,927,-1
Kingsbury,SD,5001,0
Lake,SD,12909,1
Lawrence,SD,25281,2
Lincoln,SD,54469,5
Lyman,SD,3894,-1
McCook,SD,5625,-1
McPherson,SD,2438,-1
Marshall,SD,4801,-1
Meade,SD,27693,4
Mellette,SD,2102,-1
Miner,SD,2281,-1
Minnehaha,SD,187318,32
Moody,SD,6505,1
Pennington,SD,109372,25
Perkins,SD,2983,-1
Potter,SD,2299,-1
Roberts,SD,10255,4
Sanborn,SD,2396,-1
Shannon,SD,14415,6
Spink,SD,6420,-1
Stanley,SD,2993,2
Sully,SD,1421,-1
Todd,SD,10155,10
Tripp,SD,5492,-1
Turner,SD,8317,0
Union,SD,14934,4
Walworth,SD,5610,-1
Yankton,SD,22616,3
Ziebach,SD,2801,-1
Anderson,TN,75936,17
Bedford,TN,47484,7
Benton,TN,16014,5
Bledsoe,TN,14675,1
Blount,TN,128670,27
Bradley,TN,104490,14
Campbell,TN,39714,7
Cannon,TN,14027,3
Carroll,TN,28092,4
Carter,TN,56502,11
Cheatham,TN,39880,7
Chester,TN,17453,1
Claiborne,TN,31757,11
Clay,TN,7752,4
Cocke,TN,35219,8
Coffee,TN,54682,12
Crockett,TN,14411,3
Cumberland,TN,58655,18
Davidson,TN,684410,110
Decatur,TN,11769,2
DeKalb,TN,19361,8
Dickson,TN,52170,10
Dyer,TN,37708,4
Fayette,TN,39590,5
Fentress,TN,18033,1
Franklin,TN,41700,7
Gibson,TN,49401,11
Giles,TN,29307,12
Grainger,TN,23072,5
Greene,TN,68615,12
Grundy,TN,13389,2
Hamblen,TN,63785,21
Hamilton,TN,357738,42
Hancock,TN,6577,3
Hardeman,TN,25435,0
Hardin,TN,25679,3
Hawkins,TN,56563,8
Haywood,TN,17853,1
Henderson,TN,27822,4
Henry,TN,32310,10
Hickman,TN,24295,2
Houston,TN,8134,1
Humphreys,TN,18347,3
Jackson,TN,11566,0
Jefferson,TN,53535,9
Johnson,TN,17754,4
Knox,TN,456132,72
Lake,TN,7560,1
Lauderdale,TN,26773,4
Lawrence,TN,43081,8
Lewis,TN,11904,8
Lincoln,TN,33645,7
Loudon,TN,51454,4
McMinn,TN,52850,9
McNairy,TN,25935,5
Macon,TN,23450,8
Madison,TN,97663,15
Marion,TN,28446,9
Marshall,TN,31915,6
Maury,TN,89981,15
Meigs,TN,12005,1
Monroe,TN,45970,13
Montgomery,TN,195734,30
Moore,TN,6323,1
Morgan,TN,21554,7
Obion,TN,30578,9
Overton,TN,22051,8
Perry,TN,7964,2
Pickett,TN,5142,1
Polk,TN,16772,4
Putnam,TN,75931,24
Rhea,TN,32442,8
Roane,TN,52874,12
Robertson,TN,69165,13
Rutherford,TN,308251,42
Scott,TN,21947,9
Sequatchie,TN,14897,4
Sevier,TN,96673,20
Shelby,TN,934603,82
Smith,TN,19447,4
Stewart,TN,13182,3
Sullivan,TN,156667,33
Sumner,TN,180063,41
Tipton,TN,61303,14
Trousdale,TN,8271,1
Unicoi,TN,17719,3
Union,TN,19140,9
VanBuren,TN,5689,2
Warren,TN,40516,7
Washington,TN,127440,20
Wayne,TN,16713,2
Weakley,TN,33507,5
White,TN,26653,4
Williamson,TN,219107,21
Wilson,TN,132781,21
Anderson,TX,57734,16
Andrews,TX,17760,3
Angelina,TX,87791,8
Aransas,TX,25721,7
Archer,TX,8703,4
Armstrong,TX,1876,-1
Atascosa,TX,48797,3
Austin,TX,29758,6
Bailey,TX,7181,0
Bandera,TX,21776,2
Bastrop,TX,82733,10
Baylor,TX,3697,-1
Bee,TX,32750,8
Bell,TX,340411,53
Bexar,TX,1928680,230
Blanco,TX,11392,3
Borden,TX,633,-1
Bosque,TX,18097,3
Bowie,TX,93860,16
Brazoria,TX,354195,35
Brazos,TX,220417,20
Brewster,TX,9200,5
Briscoe,TX,1474,-1
Brooks,TX,7214,1
Brown,TX,38271,7
Burleson,TX,17760,1
Burnet,TX,46243,7
Caldwell,TX,41161,5
Calhoun,TX,21965,0
Callahan,TX,13820,2
Cameron,TX,422135,27
Camp,TX,12867,2
Carson,TX,6057,2
Cass,TX,30375,5
Castro,TX,7669,2
Chambers,TX,39899,9
Cherokee,TX,51668,7
Childress,TX,7052,0
Clay,TX,10193,3
Cochran,TX,2882,2
Coke,TX,3264,0
Coleman,TX,8420,2
Collin,TX,939585,100
Collingsworth,TX,3016,0
Colorado,TX,21019,1
Comal,TX,134788,25
Comanche,TX,13484,2
Concho,TX,4279,-1
Cooke,TX,39266,8
Coryell,TX,74686,17
Cottle,TX,1402,-1
Crane,TX,4830,0
Crockett,TX,3675,-1
Crosby,TX,5992,-1
Culberson,TX,2198,-1
Dallam,TX,7056,1
Dallas,TX,2574984,263
Dawson,TX,13111,2
DeafSmith,TX,18830,2
Delta,TX,5215,-1
Denton,TX,806180,91
DeWitt,TX,20865,4
Dickens,TX,2184,-1
Dimmit,TX,10794,2
Donley,TX,3405,-1
Duval,TX,11428,4
Eastland,TX,18274,3
Ector,TX,157462,22
Edwards,TX,1911,-1
Ellis,TX,168499,13
ElPaso,TX,837918,84
Erath,TX,41659,5
Falls,TX,17273,1
Fannin,TX,34031,10
Fayette,TX,25149,1
Fisher,TX,3854,-1
Floyd,TX,5917,0
Foard,TX,1183,-1
FortBend,TX,741237,70
Franklin,TX,10607,1
Freestone,TX,19624,4
Frio,TX,18956,1
Gaines,TX,20478,4
Galveston,TX,329431,47
Garza,TX,6442,-1
Gillespie,TX,26521,8
Glasscock,TX,1314,-1
Goliad,TX,7517,4
Gonzales,TX,20876,2
Gray,TX,22725,3
Grayson,TX,128235,24
Gregg,TX,123745,17
Grimes,TX,27671,5
Guadalupe,TX,155265,24
Hale,TX,34263,5
Hall,TX,3138,-1
Hamilton,TX,8304,2
Hansford,TX,5538,-1
Hardeman,TX,3906,-1
Hardin,TX,56322,10
Harris,TX,4589928,491
Harrison,TX,66534,22
Hartley,TX,5747,0
Haskell,TX,5681,2
Hays,TX,204470,31
Hemphill,TX,4129,-1
Henderson,TX,79901,16
Hidalgo,TX,849843,55
Hill,TX,35077,5
Hockley,TX,23275,5
Hood,TX,56857,11
Hopkins,TX,36400,4
Houston,TX,22754,4
Howard,TX,36708,10
Hudspeth,TX,4053,-1
Hunt,TX,92073,19
Hutchinson,TX,21511,4
Irion,TX,1557,-1
Jack,TX,8744,0
Jackson,TX,14869,1
Jasper,TX,35648,5
JeffDavis,TX,2200,-1
Jefferson,TX,254679,33
JimHogg,TX,5146,1
JimWells,TX,41149,7
Johnson,TX,163274,22
Jones,TX,20009,3
Karnes,TX,15254,0
Kaufman,TX,118350,15
Kendall,TX,42540,9
Kenedy,TX,404,-1
Kent,TX,769,-1
Kerr,TX,51504,13
Kimble,TX,4423,2
King,TX,289,-1
Kinney,TX,3590,-1
Kleberg,TX,31690,2
Knox,TX,3806,-1
Lamar,TX,49791,5
Lamb,TX,13275,0
Lampasas,TX,20760,5
LaSalle,TX,7613,-1
Lavaca,TX,19809,4
Lee,TX,17055,6
Leon,TX,17299,5
Liberty,TX,81704,14
Limestone,TX,23468,2
Lipscomb,TX,3487,-1
LiveOak,TX,12056,4
Llano,TX,20362,3
Loving,TX,113,-1
Lubbock,TX,303137,48
Lynn,TX,5711,0
McCulloch,TX,8172,1
McLennan,TX,247934,29
McMullen,TX,804,-1
Madison,TX,13987,2
Marion,TX,10147,3
Martin,TX,5723,-1
Mason,TX,4111,1
Matagorda,TX,37187,1
Maverick,TX,57685,4
Medina,TX,49283,8
Menard,TX,2123,-1
Midland,TX,162565,16
Milam,TX,24871,4
Mills,TX,4907,-1
Mitchell,TX,8720,3
Montague,TX,19414,4
Montgomery,TX,556203,92
Moore,TX,22120,3
Morris,TX,12593,1
Motley,TX,1160,-1
Nacogdoches,TX,65806,7
Navarro,TX,48523,9
Newton,TX,14003,3
Nolan,TX,14993,1
Nueces,TX,361350,47
Ochiltree,TX,10306,0
Oldham,TX,2076,-1
Orange,TX,84964,13
PaloPinto,TX,28053,10
Panola,TX,23492,3
Parker,TX,129441,29
Parmer,TX,9776,0
Pecos,TX,15970,3
Polk,TX,47916,8
Potter,TX,120832,29
Presidio,TX,6958,-1
Rains,TX,11314,2
Randall,TX,132501,29
Reagan,TX,3608,0
Real,TX,3389,1
RedRiver,TX,12207,2
Reeves,TX,14921,2
Refugio,TX,7321,0
Roberts,TX,916,-1
Robertson,TX,16751,0
Rockwall,TX,93978,11
Runnels,TX,10448,1
Rusk,TX,52732,11
Sabine,TX,10303,2
SanAugustine,TX,8320,2
SanJacinto,TX,27707,5
SanPatricio,TX,67655,12
SanSaba,TX,5944,2
Schleicher,TX,3056,-1
Scurry,TX,17333,3
Shackelford,TX,3315,-1
Shelby,TX,25579,3
Sherman,TX,3068,1
Smith,TX,225290,40
Somervell,TX,8775,2
Starr,TX,64122,4
Stephens,TX,9906,1
Sterling,TX,1367,-1
Stonewall,TX,1426,-1
Sutton,TX,3869,0
Swisher,TX,7466,0
Tarrant,TX,2016872,261
Taylor,TX,136535,36
Terrell,TX,812,-1
Terry,TX,12799,3
Throckmorton,TX,1533,-1
Titus,TX,32592,4
TomGreen,TX,118386,9
Travis,TX,1199323,134
Trinity,TX,14442,4
Tyler,TX,21320,4
Upshur,TX,40969,7
Upton,TX,3673,-1
Uvalde,TX,27285,5
ValVerde,TX,48881,3
VanZandt,TX,54355,11
Victoria,TX,92467,21
Walker,TX,71484,13
Waller,TX,50115,9
Ward,TX,11600,1
Washington,TX,35056,2
Webb,TX,271193,15
Wharton,TX,41735,7
Wheeler,TX,5546,1
Wichita,TX,131838,24
Wilbarger,TX,12892,2
Willacy,TX,21810,3
Williamson,TX,528718,81
Wilson,TX,48480,8
Winkler,TX,7893,1
Wise,TX,64455,14
Wood,TX,44227,7
Yoakum,TX,8488,1
Young,TX,18152,2
Zapata,TX,14349,1
Zavala,TX,12023,0
Beaver,UT,6463,2
BoxElder,UT,53139,13
Cache,UT,122753,21
Carbon,UT,20399,6
Daggett,UT,1095,-1
Davis,UT,342281,57
Duchesne,UT,20337,6
Emery,UT,10216,5
Garfield,UT,4986,3
Grand,UT,9579,4
Iron,UT,49937,11
Juab,UT,11010,6
Kane,UT,7334,2
Millard,UT,12694,3
Morgan,UT,11437,1
Piute,UT,1466,-1
Rich,UT,2319,-1
SaltLake,UT,1121354,235
SanJuan,UT,16895,4
Sanpete,UT,29409,4
Sevier,UT,21267,6
Summit,UT,40307,6
Tooele,UT,64833,8
Uintah,UT,36373,10
Utah,UT,592299,78
Wasatch,UT,30528,7
Washington,UT,160245,48
Wayne,UT,2702,-1
Weber,UT,247560,72
Addison,VT,36959,5
Bennington,VT,36191,6
Caledonia,VT,30333,11
Chittenden,VT,161531,20
Essex,VT,6176,1
Franklin,VT,48915,4
GrandIsle,VT,6919,2
Lamoille,VT,25333,7
Orange,VT,28919,3
Orleans,VT,26863,2
Rutland,VT,59310,13
Washington,VT,58504,17
Windham,VT,43145,18
Windsor,VT,55496,9
Accomack,VA,32947,4
Albemarle,VA,106878,8
Alleghany,VA,15595,3
Amelia,VA,12913,3
Amherst,VA,31633,4
Appomattox,VA,15475,2
Arlington,VA,230050,19
Augusta,VA,74997,9
Bath,VA,4476,0
Bedford,VA,77960,13
Bland,VA,6513,2
Botetourt,VA,33231,9
Brunswick,VA,16243,2
Buchanan,VA,22178,5
Buckingham,VA,17048,2
Campbell,VA,54952,10
Caroline,VA,30178,7
Carroll,VA,29531,4
Charles,VA,7071,0
Charlotte,VA,12129,3
Chesterfield,VA,339009,53
Clarke,VA,14374,2
Craig,VA,5158,4
Culpeper,VA,50083,5
Cumberland,VA,9652,1
Dickenson,VA,14968,5
Dinwiddie,VA,28144,3
Essex,VA,11123,1
Fairfax,VA,1138652,102
Fauquier,VA,69069,11
Floyd,VA,15731,0
Fluvanna,VA,26271,0
Franklin,VA,56069,8
Frederick,VA,84421,17
Giles,VA,16857,4
Gloucester,VA,37214,11
Goochland,VA,22668,7
Grayson,VA,15107,3
Greene,VA,19371,3
Greensville,VA,11706,0
Halifax,VA,34992,5
Hanover,VA,104392,12
Henrico,VA,326501,44
Henry,VA,51445,10
Highland,VA,2216,1
IsleofWight,VA,36596,7
James,VA,74404,12
KingandQueen,VA,7159,1
KingGeorge,VA,25984,7
KingWilliam,VA,16334,5
Lancaster,VA,10972,3
Lee,VA,24179,3
Loudoun,VA,385945,47
Louisa,VA,35236,7
Lunenburg,VA,12273,3
Madison,VA,13078,3
Mathews,VA,8782,3
Mecklenburg,VA,30892,5
Middlesex,VA,10778,3
Montgomery,VA,98602,15
Nelson,VA,14869,3
NewKent,VA,21147,5
Northampton,VA,12139,2
Northumberland,VA,12222,2
Nottoway,VA,15595,1
Orange,VA,35533,5
Page,VA,23654,8
Patrick,VA,17923,4
Pittsylvania,VA,61687,13
Powhatan,VA,28443,4
PrinceEdward,VA,23142,3
PrinceGeorge,VA,37845,7
PrinceWilliam,VA,455210,48
Pulaski,VA,34203,8
Rappahannock,VA,7388,1
Richmond,VA,8774,3
Roanoke,VA,94031,17
Rockbridge,VA,22392,2
Rockingham,VA,79744,12
Russell,VA,27370,7
Scott,VA,21930,6
Shenandoah,VA,43175,10
Smyth,VA,31062,4
Southampton,VA,18057,2
Spotsylvania,VA,132010,26
Stafford,VA,144361,17
Surry,VA,6544,0
Sussex,VA,11504,1
Tazewell,VA,42150,9
Warren,VA,39155,7
Washington,VA,54214,16
Westmoreland,VA,17592,4
Wise,VA,39228,5
Wythe,VA,29016,6
York,VA,67976,5
Alexandria,VA,155810,14
Bedford,VA,NA,0
Bristol,VA,16960,5
BuenaVista,VA,6452,0
Charlottesville,VA,46912,3
Chesapeake,VA,237940,29
CliftonForge,VA,NA,-1
ColonialHeights,VA,17772,5
Covington,VA,5518,2
Danville,VA,41898,10
Emporia,VA,5305,0
Fairfax,VA,24164,3
FallsChurch,VA,14014,3
Franklin,VA,8306,2
Fredericksburg,VA,28297,1
Galax,VA,6775,2
Hampton,VA,135410,16
Harrisonburg,VA,53078,7
Hopewell,VA,22735,2
Lexington,VA,7045,-1
Lynchburg,VA,80212,10
Manassas,VA,41483,3
ManassasPark,VA,15915,1
Martinsville,VA,13445,0
NewportNews,VA,181825,25
Norfolk,VA,245115,25
Norton,VA,3864,-1
Petersburg,VA,31882,8
Poquoson,VA,12017,2
Portsmouth,VA,95252,15
Radford,VA,17483,3
Richmond,VA,223170,30
Roanoke,VA,99660,22
Salem,VA,25549,6
Staunton,VA,24363,8
Suffolk,VA,89273,5
VirginiaBeach,VA,452602,65
Waynesboro,VA,21887,5
Williamsburg,VA,15214,2
Winchester,VA,27516,2
Adams,WA,19238,2
Asotin,WA,22306,7
Benton,WA,193686,26
Chelan,WA,76338,14
Clallam,WA,74570,13
Clark,WA,467018,73
Columbia,WA,3938,3
Cowlitz,WA,105160,21
Douglas,WA,41327,5
Ferry,WA,7614,3
Franklin,WA,90160,7
Garfield,WA,2247,-1
Grant,WA,93546,9
GraysHarbor,WA,71628,19
Island,WA,82636,16
Jefferson,WA,31139,17
King,WA,2149970,264
Kitsap,WA,264811,46
Kittitas,WA,44866,7
Klickitat,WA,21301,4
Lewis,WA,77066,15
Lincoln,WA,10350,1
Mason,WA,62198,11
Okanogan,WA,41554,7
Pacific,WA,21249,4
PendOreille,WA,13123,1
Pierce,WA,861312,175
SanJuan,WA,16339,6
Skagit,WA,123681,18
Skamania,WA,11510,5
Snohomish,WA,787620,116
Spokane,WA,499072,90
Stevens,WA,44439,6
Thurston,WA,275222,53
Wahkiakum,WA,4139,2
WallaWalla,WA,60340,10
Whatcom,WA,216800,30
Whitman,WA,48851,2
Yakima,WA,249636,33
Barbour,WV,16831,2
Berkeley,WV,113525,24
Boone,WV,22816,4
Braxton,WV,14471,2
Brooke,WV,22977,2
Cabell,WV,95987,21
Calhoun,WV,7336,1
Clay,WV,8859,1
Doddridge,WV,8413,3
Fayette,WV,44323,12
Gilmer,WV,8249,1
Grant,WV,11732,2
Greenbrier,WV,35279,7
Hampshire,WV,23301,3
Hancock,WV,29590,8
Hardy,WV,13889,1
Harrison,WV,68400,10
Jackson,WV,29152,3
Jefferson,WV,56368,10
Kanawha,WV,186241,46
Lewis,WV,16309,4
Lincoln,WV,21232,7
Logan,WV,33700,10
McDowell,WV,19141,8
Marion,WV,56538,10
Marshall,WV,31793,2
Mason,WV,26825,3
Mercer,WV,60468,13
Mineral,WV,27411,9
Mingo,WV,24647,2
Monongalia,WV,104622,7
Monroe,WV,13370,5
Morgan,WV,17632,5
Nicholas,WV,25311,4
Ohio,WV,42516,8
Pendleton,WV,7051,1
Pleasants,WV,7591,2
Pocahontas,WV,8501,1
Preston,WV,33758,3
Putnam,WV,56941,11
Raleigh,WV,76601,25
Randolph,WV,29006,4
Ritchie,WV,9875,3
Roane,WV,14208,6
Summers,WV,12872,3
Taylor,WV,16859,3
Tucker,WV,6926,4
Tyler,WV,8972,1
Upshur,WV,24658,5
Wayne,WV,40531,5
Webster,WV,8646,1
Wetzel,WV,15640,3
Wirt,WV,5806,1
Wood,WV,85643,14
Wyoming,WV,21763,6
Adams,WI,20069,2
Ashland,WI,15714,2
Barron,WI,45412,9
Bayfield,WI,14891,2
Brown,WI,260401,56
Buffalo,WI,13099,1
Burnett,WI,15213,1
Calumet,WI,49553,4
Chippewa,WI,63649,14
Clark,WI,34557,3
Columbia,WI,56927,14
Crawford,WI,16321,1
Dane,WI,531273,72
Dodge,WI,88068,12
Door,WI,27587,3
Douglas,WI,43509,8
Dunn,WI,44704,6
EauClaire,WI,102965,21
Florence,WI,4456,-1
FondduLac,WI,102144,20
Forest,WI,9064,1
Grant,WI,52214,8
Green,WI,37075,7
GreenLake,WI,18719,2
Iowa,WI,23654,4
Iron,WI,5726,1
Jackson,WI,20562,3
Jefferson,WI,84625,10
Juneau,WI,26274,6
Kenosha,WI,168183,23
Kewaunee,WI,20405,5
LaCrosse,WI,118122,19
Lafayette,WI,16753,5
Langlade,WI,19221,4
Lincoln,WI,27902,0
Manitowoc,WI,79536,16
Marathon,WI,135603,18
Marinette,WI,40491,5
Marquette,WI,15067,5
Menominee,WI,4533,2
Milwaukee,WI,951448,112
Monroe,WI,45623,6
Oconto,WI,37430,8
Oneida,WI,35601,4
Outagamie,WI,184526,26
Ozaukee,WI,88314,13
Pepin,WI,7307,1
Pierce,WI,41238,1
Polk,WI,43481,4
Portage,WI,70447,9
Price,WI,13517,7
Racine,WI,195140,32
Richland,WI,17476,2
Rock,WI,161620,26
Rusk,WI,14127,4
St.Croix,WI,88029,10
Sauk,WI,63949,9
Sawyer,WI,16369,5
Shawano,WI,41062,7
Sheboygan,WI,115427,20
Taylor,WI,20439,3
Trempealeau,WI,29633,8
Vernon,WI,30814,4
Vilas,WI,21435,9
Walworth,WI,102959,12
Washburn,WI,15648,3
Washington,WI,134296,21
Waukesha,WI,398424,56
Waupaca,WI,51533,6
Waushara,WI,24162,2
Winnebago,WI,169886,30
Wood,WI,73107,11
Albany,WY,38256,10
BigHorn,WY,12005,3
Campbell,WY,48803,7
Carbon,WY,15618,6
Converse,WY,14191,6
Crook,WY,7464,1
Fremont,WY,40242,19
Goshen,WY,13390,1
HotSprings,WY,4679,1
Johnson,WY,8486,1
Laramie,WY,98136,25
Lincoln,WY,19110,4
Natrona,WY,81039,17
Niobrara,WY,2480,-1
Park,WY,29353,10
Platte,WY,8680,3
Sheridan,WY,30200,6
Sublette,WY,9769,6
Sweetwater,WY,44165,7
Teton,WY,23191,3
Uinta,WY,20773,5
Washakie,WY,8235,1
Weston,WY,7236,1
