county,state,Household_income_change_p25,Household_income_change_p75
Lawrence,AL,0.23,0.23
Limestone,AL,-0.16,0.07
Madison,AL,-0.62,-0.02
Morgan,AL,-0.08,0.11
DeKalb,AL,0.36,0.18
Etowah,AL,-0.2,0.16
Jackson,AL,0.13,0.11
Marshall,AL,0.06,0.2
Colbert,AL,-0.31,0.01
Franklin,AL,0.21,0.21
Lauderdale,AL,0.07,0.02
Cherokee,AL,-0.04,0.07
Clay,AL,0.07,0.11
Coosa,AL,-0.56,0.31
Talladega,AL,-0.12,0.09
Tallapoosa,AL,-0.37,0.16
Calhoun,AL,-0.21,0.08
Chambers,AL,-0.46,-0.04
Cleburne,AL,0.55,0.39
Randolph,AL,-0.12,0.11
Russell,AL,-0.55,-0.14
Bullock,AL,-0.58,-0.41
Lee,AL,-0.57,-0.16
Macon,AL,-0.77,-0.3
Barbour,AL,-0.59,0.05
Coffee,AL,0.07,0.05
Dale,AL,-0.02,0.13
Geneva,AL,0.11,0.47
Henry,AL,-0.27,0.2
Houston,AL,-0.28,0.11
Pickens,AL,-0.28,0.34
Fayette,AL,0.12,0.6
Lamar,AL,0.08,0.36
Marion,AL,0.21,0.28
Walker,AL,0.08,0.17
Winston,AL,0.14,0.21
Blount,AL,0.3,0.11
Chilton,AL,0.14,0.31
Cullman,AL,0.27,0.35
Jefferson,AL,-0.32,0.06
St Clair,AL,0,0.11
Shelby,AL,-0.08,0.1
Bibb,AL,-0.2,0.36
Dallas,AL,-0.61,-0.06
Hale,AL,-0.5,0.12
Perry,AL,-0.66,-0.11
Tuscaloosa,AL,-0.45,-0.01
Choctaw,AL,-0.17,0.23
Greene,AL,-0.78,-0.11
Marengo,AL,-0.47,0.01
Sumter,AL,-0.59,-0.09
Baldwin,AL,-0.12,-0.06
Clarke,AL,-0.11,0.21
Mobile,AL,-0.3,-0.04
Washington,AL,0.24,0.32
Wilcox,AL,-0.58,-0.07
Conecuh,AL,-0.38,0.06
Escambia,AL,-0.09,0.16
Monroe,AL,-0.38,0.06
Autauga,AL,-0.21,0.22
Butler,AL,-0.42,0.08
Elmore,AL,0,0.17
Lowndes,AL,-0.48,-0.15
Montgomery,AL,-0.34,-0.04
Covington,AL,0.18,0.25
Crenshaw,AL,0.31,0.45
Pike,AL,-0.19,0.17
Anchorage,AK,0.36,0.12
Kenai Peninsula,AK,0.78,0.18
Matanuska-Susitna,AK,0.61,0.23
Valdez-Cordova,AK,0.29,0.12
Northwest Arctic,AK,-0.67,-0.37
Nome,AK,-0.88,-0.19
Dillingham,AK,-0.27,-0.07
Kodiak Island,AK,0.42,0.04
Juneau,AK,0.13,-0.03
Sitka,AK,-0.36,-0.34
Wrangell-Petersburg,AK,0.38,-0.02
Ketchikan Gateway,AK,0.1,-0.11
Prince Of Wales-Outer Ketchikan,AK,-0.21,-0.42
Bethel,AK,-0.69,-0.34
Wade Hampton,AK,-0.94,-0.69
North Slope,AK,-0.51,-0.2
Fairbanks North Star,AK,0.38,0.12
Southeast Fairbanks,AK,1.14,0.27
Yukon-Koyukuk,AK,-0.14,0.03
Gila,AZ,-0.46,0.05
Maricopa,AZ,0.1,0.11
Pinal,AZ,-0.55,-0.3
Graham,AZ,0.04,0.2
Greenlee,AZ,0.31,0.51
Cochise,AZ,0.3,0.18
Pima,AZ,-0.45,-0.29
Santa Cruz,AZ,0.12,-0.19
Coconino,AZ,-0.19,-0.13
Yavapai,AZ,0.23,-0.1
Apache,AZ,-0.57,-0.36
Navajo,AZ,-0.67,-0.18
Mohave,AZ,-0.02,-0.05
Yuma,AZ,0.35,0.01
La Paz,AZ,-0.41,-0.21
Columbia,AR,-0.5,0.21
Lafayette,AR,-0.39,0.25
Ashley,AR,-0.22,0.09
Bradley,AR,-0.04,0.33
Chicot,AR,-0.68,0.18
Cleveland,AR,0.14,0.43
Desha,AR,-0.53,-0.1
Drew,AR,-0.3,0.03
Jefferson,AR,-0.61,-0.07
Lincoln,AR,-0.11,0.22
Calhoun,AR,0,0.21
Dallas,AR,-0.51,0.01
Ouachita,AR,-0.34,0.04
Union,AR,-0.29,0.13
Conway,AR,0.04,0.34
Faulkner,AR,0.13,0.21
Grant,AR,0.54,0.37
Lonoke,AR,0.01,0.16
Perry,AR,0.22,0.31
Pulaski,AR,-0.3,-0.07
Saline,AR,0.02,0.12
Arkansas,AR,-0.2,0.12
Monroe,AR,-0.26,0.34
Prairie,AR,-0.01,0.31
Jackson,AR,-0.09,0.04
White,AR,0.47,0.19
Woodruff,AR,-0.41,0.12
Crittenden,AR,-0.79,0
Cross,AR,-0.21,0.11
Lee,AR,-0.63,-0.06
Phillips,AR,-0.76,-0.07
St Francis,AR,-0.49,-0.12
Baxter,AR,0.22,0.06
Marion,AR,0.22,0.19
Fulton,AR,0.51,0.13
Boone,AR,0.24,0.22
Carroll,AR,0.25,0.01
Newton,AR,0.54,0.3
Searcy,AR,0.27,0.22
Cleburne,AR,0.45,0.25
Stone,AR,0.11,0.3
Van Buren,AR,0.29,0.4
Independence,AR,0.28,0.18
Izard,AR,0.37,0.29
Sharp,AR,0.24,0.27
Mississippi,AR,-0.46,0.11
Clay,AR,0.42,0.23
Craighead,AR,-0.25,-0.04
Greene,AR,0.1,0.13
Lawrence,AR,0.44,0.21
Poinsett,AR,-0.23,0.22
Randolph,AR,0.34,0.25
Franklin,AR,0.72,0.07
Johnson,AR,0.27,0.21
Logan,AR,0.32,0.25
Pope,AR,0.27,0.04
Yell,AR,0.28,0.17
Crawford,AR,0.23,0.3
Scott,AR,0.44,0.43
Sebastian,AR,0.02,0.06
Benton,AR,0.22,0.09
Madison,AR,0.38,0.32
Washington,AR,0.16,0.13
Little River,AR,0.04,0.03
Miller,AR,-0.23,0.14
Clark,AR,-0.06,0.16
Garland,AR,-0.15,-0.05
Hempstead,AR,-0.38,0.01
Hot Spring,AR,-0.06,0.26
Howard,AR,-0.1,0.18
Montgomery,AR,0.31,0.16
Nevada,AR,-0.12,0
Pike,AR,0.42,0.24
Polk,AR,0.32,0.14
Sevier,AR,0.2,0.25
Lassen,CA,0.48,0.01
Modoc,CA,0.68,0.31
Siskiyou,CA,0.24,-0.01
Shasta,CA,0.14,-0.05
Tehama,CA,-0.01,-0.03
Humboldt,CA,-0.2,-0.18
Trinity,CA,-0.24,-0.15
Del Norte,CA,-0.42,-0.26
Mariposa,CA,0.24,0.06
Merced,CA,-0.04,-0.21
Stanislaus,CA,0.19,-0.19
Tuolumne,CA,0.15,-0.16
Kern,CA,0.19,-0.12
Fresno,CA,-0.67,-0.1
Kings,CA,-0.11,-0.13
Madera,CA,-0.08,-0.07
Tulare,CA,-0.22,-0.32
Butte,CA,-0.12,-0.22
Colusa,CA,0.74,-0.05
Glenn,CA,0.06,-0.05
Sutter,CA,0.46,-0.09
Yuba,CA,0.07,0.01
Amador,CA,0.16,-0.12
Calaveras,CA,-0.04,-0.11
El Dorado,CA,0.51,-0.23
Nevada,CA,0.01,-0.35
Placer,CA,0.52,-0.25
Sacramento,CA,-0.04,-0.33
San Joaquin,CA,-0.13,-0.07
Yolo,CA,0.24,-0.22
Monterey,CA,0.14,-0.31
San Benito,CA,0.06,-0.13
Santa Clara,CA,0.12,-0.04
Santa Cruz,CA,0.17,-0.41
Plumas,CA,0.15,-0.11
Lake,CA,-0.08,-0.17
Mendocino,CA,-0.43,-0.24
Sonoma,CA,0.18,-0.18
Alameda,CA,-0.3,-0.16
Contra Costa,CA,0.44,-0.14
Marin,CA,0.19,-0.32
Napa,CA,0.44,-0.1
San Francisco,CA,0.14,-0.38
San Mateo,CA,0.27,-0.07
Solano,CA,0.09,-0.09
Inyo,CA,0.08,0.07
Mono,CA,0.75,-0.03
San Diego,CA,0.18,-0.28
Imperial,CA,-0.12,-0.21
San Luis Obispo,CA,0.25,-0.29
Santa Barbara,CA,0.1,-0.28
Los Angeles,CA,-0.51,-0.52
Orange,CA,-0.08,-0.49
Riverside,CA,-0.5,-0.51
San Bernardino,CA,-0.44,-0.51
Ventura,CA,0.31,-0.11
Logan,CO,0.61,0.3
Phillips,CO,0.71,0.53
Washington,CO,1.07,0.29
Yuma,CO,1.48,0.49
El Paso,CO,-0.32,-0.33
Fremont,CO,0.56,0.11
Teller,CO,0.42,0.09
Lincoln,CO,0.86,0.24
Baca,CO,1.04,0
Otero,CO,0.15,0.09
Prowers,CO,0.51,0.36
Pueblo,CO,-0.28,0.01
Huerfano,CO,0.25,-0.2
Las Animas,CO,0.62,0.21
Kit Carson,CO,1.17,0.43
Chaffee,CO,0.4,0.24
Eagle,CO,0.85,0.05
Garfield,CO,1.04,0.09
Lake,CO,0.15,0.11
Pitkin,CO,0.22,-0.3
Summit,CO,0.38,-0.12
Grand,CO,0.45,0.13
Larimer,CO,0.28,-0.07
Morgan,CO,0.68,0.38
Weld,CO,0.55,-0.06
Adams,CO,0.24,-0.1
Arapahoe,CO,0.26,0.12
Boulder,CO,0.42,-0.12
Denver,CO,-0.47,-0.29
Douglas,CO,0.59,-0.27
Elbert,CO,0.66,-0.06
Jefferson,CO,0.71,-0.23
Park,CO,0.92,0.04
Alamosa,CO,0.26,0.07
Conejos,CO,0.74,0.13
Rio Grande,CO,0.24,0.21
Saguache,CO,0.31,0.1
Delta,CO,0.94,0.32
Mesa,CO,0.68,0.07
Montrose,CO,0.38,0.11
Gunnison,CO,0.55,-0.01
Archuleta,CO,0.29,-0.03
La Plata,CO,0.63,-0.1
Montezuma,CO,0.49,0.05
Moffat,CO,1.21,0.37
Rio Blanco,CO,2.03,0.49
Routt,CO,0.69,-0.09
Fairfield,CT,-0.32,0.05
Hartford,CT,0.08,0
Litchfield,CT,0.15,-0.08
Middlesex,CT,0.34,0.1
New Haven,CT,-0.27,0.1
New London,CT,0.17,0
Tolland,CT,0.65,0.14
Windham,CT,0.27,0.03
New Castle,DE,-0.33,0
Kent,DE,-0.44,0.07
Sussex,DE,-0.55,0.12
District Of Columbia,DC,-0.17,-0.48
Hernando,FL,-0.19,-0.24
Hillsborough,FL,-0.69,-0.4
Pasco,FL,-0.07,-0.03
Pinellas,FL,0.03,-0.18
Hardee,FL,0.07,0.22
Highlands,FL,-0.05,-0.05
Polk,FL,-0.34,-0.11
Charlotte,FL,0.06,0.02
Desoto,FL,-0.09,-0.01
Manatee,FL,-0.26,-0.3
Sarasota,FL,-0.4,-0.18
Broward,FL,-0.17,-0.46
Dade,FL,0.07,-0.34
Monroe,FL,0.02,-0.13
Hendry,FL,-0.04,0.02
Martin,FL,-0.21,-0.25
Okeechobee,FL,-0.05,-0.09
Palm Beach,FL,-0.65,-0.65
St Lucie,FL,-0.36,-0.13
Collier,FL,0.14,-0.13
Lee,FL,-0.39,-0.15
Brevard,FL,-0.3,-0.36
Indian River,FL,-0.22,-0.05
Lake,FL,-0.08,-0.29
Orange,FL,-0.61,-0.19
Osceola,FL,-0.02,-0.27
Seminole,FL,-0.32,-0.38
Sumter,FL,-0.16,0.22
Flagler,FL,-0.18,-0.08
Putnam,FL,-0.3,0
Volusia,FL,-0.5,-0.29
Baker,FL,0.01,0.31
Clay,FL,0.11,-0.13
Duval,FL,0.04,-0.1
Nassau,FL,0.27,0
St Johns,FL,-0.28,-0.17
Columbia,FL,-0.16,0.08
Hamilton,FL,-0.37,0.05
Madison,FL,-0.41,0.25
Suwannee,FL,0.12,0.18
Taylor,FL,-0.3,0.03
Citrus,FL,0.09,-0.12
Marion,FL,-0.19,0.09
Alachua,FL,-0.08,-0.18
Bradford,FL,-0.08,0.11
Dixie,FL,0.06,0.43
Gilchrist,FL,-0.03,0.18
Levy,FL,-0.15,0.09
Union,FL,-0.06,0.22
Calhoun,FL,0.06,0.35
Gadsden,FL,-0.8,-0.21
Holmes,FL,0.36,0.18
Jackson,FL,-0.06,0.12
Jefferson,FL,-0.59,-0.22
Leon,FL,-0.38,-0.26
Liberty,FL,0.13,0.55
Wakulla,FL,-0.17,-0.01
Washington,FL,0.08,0.3
Bay,FL,-0.09,0.04
Franklin,FL,-0.26,-0.12
Gulf,FL,-0.21,0.19
Escambia,FL,-0.48,0.05
Okaloosa,FL,0.03,-0.12
Santa Rosa,FL,0.03,0.07
Walton,FL,-0.06,0.09
Rabun,GA,-0.14,0.04
Towns,GA,0.39,0.04
Union,GA,0.01,-0.09
Catoosa,GA,0.02,0.18
Dade,GA,0.15,0.21
Walker,GA,-0.29,0.03
Fannin,GA,-0.15,0
Gilmer,GA,0.04,0.14
Bartow,GA,-0.15,0.05
Chattooga,GA,-0.18,-0.07
Floyd,GA,-0.54,-0.05
Gordon,GA,-0.08,0.05
Murray,GA,-0.11,-0.04
Polk,GA,-0.27,-0.02
Whitfield,GA,-0.06,-0.04
Camden,GA,-0.15,-0.05
Charlton,GA,-0.21,0.12
Burke,GA,-0.69,-0.1
Columbia,GA,-0.2,-0.21
Jefferson,GA,-0.68,-0.13
McDuffie,GA,-0.64,-0.12
Richmond,GA,-0.66,-0.44
Warren,GA,-0.69,0.08
Greene,GA,-0.69,-0.07
Lincoln,GA,-0.7,0.07
Wilkes,GA,-0.52,0.06
Ben Hill,GA,-0.43,-0.01
Irwin,GA,-0.19,0.12
Crisp,GA,-0.75,-0.15
Dooly,GA,-0.4,0.02
Wilcox,GA,-0.43,0.26
Berrien,GA,-0.32,0.04
Brooks,GA,-0.46,-0.11
Colquitt,GA,-0.54,-0.01
Cook,GA,-0.37,0.01
Lanier,GA,-0.45,-0.12
Lowndes,GA,-0.38,-0.04
Tift,GA,-0.67,-0.15
Turner,GA,-0.42,0.18
Atkinson,GA,-0.35,-0.25
Bacon,GA,-0.2,0.22
Clinch,GA,-0.38,-0.02
Coffee,GA,-0.53,-0.09
Pierce,GA,0.07,0.2
Ware,GA,-0.3,0.08
Brantley,GA,-0.13,0.16
Glynn,GA,-0.65,-0.33
McIntosh,GA,-0.42,-0.25
Evans,GA,-0.49,0.05
Liberty,GA,-0.39,-0.18
Tattnall,GA,-0.46,-0.02
Wayne,GA,-0.29,0.11
Bulloch,GA,-0.55,-0.14
Candler,GA,-0.45,-0.02
Emanuel,GA,-0.38,0.13
Jenkins,GA,-0.45,0.07
Screven,GA,-0.55,-0.01
Bryan,GA,0.02,0
Chatham,GA,-0.55,-0.25
Effingham,GA,0.09,0.32
Bibb,GA,-0.55,-0.21
Bleckley,GA,-0.53,0.02
Crawford,GA,-0.62,-0.24
Houston,GA,-0.12,-0.05
Jones,GA,-0.29,0.09
Monroe,GA,-0.75,-0.16
Peach,GA,-0.39,-0.06
Pulaski,GA,-0.57,-0.11
Taylor,GA,-0.4,0.08
Twiggs,GA,-0.5,-0.1
Appling,GA,-0.1,0.08
Dodge,GA,-0.23,0.09
Jeff Davis,GA,-0.15,0.08
Montgomery,GA,-0.4,0.04
Telfair,GA,-0.2,0.35
Toombs,GA,-0.43,0.03
Treutlen,GA,-0.18,0.29
Wheeler,GA,-0.07,0.39
Baldwin,GA,-0.78,-0.21
Hancock,GA,-0.82,-0.51
Putnam,GA,-0.66,-0.27
Wilkinson,GA,-0.59,-0.06
Johnson,GA,-0.57,0.19
Laurens,GA,-0.55,-0.14
Washington,GA,-0.63,0
Cherokee,GA,-0.31,-0.44
Clayton,GA,-0.32,-0.23
Cobb,GA,-0.26,-0.06
Dawson,GA,-0.02,-0.01
DeKalb,GA,-0.28,-0.07
Douglas,GA,-0.17,-0.24
Fayette,GA,0.5,0.06
Fulton,GA,-0.54,0.05
Gwinnett,GA,-0.18,0.31
Henry,GA,0.13,0.06
Jasper,GA,-0.43,0
Morgan,GA,-0.68,0
Paulding,GA,0.1,0
Pickens,GA,0.05,-0.21
Walton,GA,-0.34,0.18
Butts,GA,-0.4,-0.01
Lamar,GA,-0.44,0.03
Pike,GA,-0.07,0.03
Spalding,GA,-0.78,-0.08
Upson,GA,-0.52,0.01
Barrow,GA,-0.44,0.04
Clarke,GA,-0.93,-0.32
Madison,GA,-0.22,-0.09
Oconee,GA,0.15,0.02
Oglethorpe,GA,-0.7,-0.35
Elbert,GA,-0.4,0.04
Franklin,GA,-0.04,0.12
Hart,GA,-0.27,0
Stephens,GA,-0.19,0.08
Banks,GA,0.03,-0.02
Habersham,GA,0.17,0.07
Hall,GA,0.03,-0.09
Jackson,GA,-0.09,-0.03
Lumpkin,GA,0.21,-0.09
White,GA,0.23,0.11
Carroll,GA,-0.23,0.04
Coweta,GA,-0.43,-0.08
Haralson,GA,-0.05,0.17
Heard,GA,-0.09,0.04
Troup,GA,-0.57,-0.08
Harris,GA,-0.31,0.01
Meriwether,GA,-0.73,-0.1
Muscogee,GA,-0.63,-0.15
Talbot,GA,-0.54,0.12
Macon,GA,-0.56,-0.23
Marion,GA,-0.26,0.11
Stewart,GA,-0.68,0.08
Sumter,GA,-0.8,-0.19
Decatur,GA,-0.53,-0.13
Miller,GA,-0.15,-0.05
Seminole,GA,-0.63,-0.13
Grady,GA,-0.35,0.07
Thomas,GA,-0.47,0.01
Dougherty,GA,-0.74,-0.48
Lee,GA,-0.23,-0.22
Mitchell,GA,-0.63,0.03
Terrell,GA,-0.79,-0.28
Worth,GA,-0.48,-0.18
Calhoun,GA,-0.63,0.17
Early,GA,-0.77,-0.02
Randolph,GA,-0.63,0.25
Honolulu,HI,0.23,-0.27
Kauai,HI,0.17,-0.15
Maui,HI,0.05,-0.18
Hawaii,HI,-0.07,-0.35
Boundary,ID,0.48,0.04
Blaine,ID,0.25,-0.23
Gooding,ID,0.87,0.09
Jerome,ID,0.73,0.2
Twin Falls,ID,0.59,0
Cassia,ID,0.95,0.2
Minidoka,ID,0.76,0.31
Ada,ID,0.18,-0.25
Canyon,ID,0.1,-0.1
Elmore,ID,0.3,0.07
Gem,ID,0.59,0.15
Owyhee,ID,0.54,0.22
Payette,ID,0.31,0
Washington,ID,0.54,0.1
Valley,ID,0.28,-0.06
Franklin,ID,1.18,0.31
Oneida,ID,1.15,0.29
Bannock,ID,0.17,-0.09
Bingham,ID,0.48,0.18
Bonneville,ID,0.44,-0.09
Fremont,ID,0.79,0.19
Jefferson,ID,0.64,0.14
Madison,ID,0.79,-0.08
Power,ID,0.69,0.1
Lemhi,ID,0.59,-0.48
Teton,ID,0.78,-0.03
Bear Lake,ID,1.12,0.35
Caribou,ID,1,0.3
Clearwater,ID,0.71,0.26
Idaho,ID,0.77,0.13
Lewis,ID,0.56,0.45
Nez Perce,ID,0.29,-0.06
Latah,ID,0.69,-0.03
Benewah,ID,0.4,0.13
Bonner,ID,0.39,-0.07
Kootenai,ID,0.01,-0.12
Shoshone,ID,0.5,0.21
Vermilion,IL,-0.05,0.15
Wabash,IL,0.46,0.28
Edwards,IL,0.8,0.45
Richland,IL,0.45,0.38
Wayne,IL,0.76,0.39
White,IL,0.58,0.35
Lawrence,IL,0.32,0.42
Jo Daviess,IL,0.75,0.23
Clark,IL,0.35,0.35
Coles,IL,0.06,0.1
Cumberland,IL,0.7,0.47
Edgar,IL,0.12,0.35
Clay,IL,0.32,0.38
Crawford,IL,0.46,0.32
Effingham,IL,0.68,0.41
Fayette,IL,0.53,0.27
Jasper,IL,0.98,0.52
De Witt,IL,0.17,0.21
Livingston,IL,0.67,0.36
McLean,IL,0.06,0.13
Champaign,IL,-0.08,0.04
Douglas,IL,0.92,0.23
Ford,IL,0.48,0.41
Macon,IL,-0.37,0.11
Moultrie,IL,0.61,0.31
Piatt,IL,0.84,0.26
Shelby,IL,0.81,0.45
Hancock,IL,0.78,0.32
Henderson,IL,0.71,0.14
Fulton,IL,0.23,0.23
Knox,IL,0,0.07
McDonough,IL,0.41,0.08
Warren,IL,0.36,0.24
Henry,IL,0.4,0.34
Mercer,IL,0.61,0.26
Rock Island,IL,-0.05,-0.04
Stark,IL,0.49,0.33
Bureau,IL,0.45,0.22
La Salle,IL,0.3,0.18
Marshall,IL,0.66,0.23
Mason,IL,0.08,0.34
Peoria,IL,-0.47,0
Putnam,IL,0.69,0.07
Tazewell,IL,0.14,0.17
Woodford,IL,0.81,0.43
Iroquois,IL,0.65,0.27
Kankakee,IL,-0.01,0.17
Cook,IL,-0.64,-0.06
Dupage,IL,0.8,0.16
Grundy,IL,0.28,0.17
Kane,IL,-0.33,-0.24
Kendall,IL,0.78,0.18
Lake,IL,0.02,0.02
McHenry,IL,0.39,-0.37
Will,IL,-0.53,-0.08
Boone,IL,0.26,0.05
Carroll,IL,0.57,0.2
DeKalb,IL,0.29,0.09
Lee,IL,0.2,0.18
Ogle,IL,0.52,0.29
Stephenson,IL,0.07,0.11
Whiteside,IL,0.23,0.1
Winnebago,IL,-0.41,-0.07
Monroe,IL,1.14,0.27
St Clair,IL,-0.31,0.14
Brown,IL,0.37,0.39
Cass,IL,0.44,0.26
Greene,IL,0.64,0.32
Morgan,IL,-0.03,0.03
Schuyler,IL,0.43,0.27
Scott,IL,1.04,0.28
Christian,IL,0.36,0.22
Logan,IL,0.18,0.17
Menard,IL,0.32,0.25
Sangamon,IL,-0.39,0.11
Bond,IL,0.05,0.14
Calhoun,IL,1.33,0.68
Jersey,IL,0.48,0.38
Macoupin,IL,0.33,0.29
Madison,IL,-0.07,0.07
Montgomery,IL,0.47,0.39
Adams,IL,0.35,0.26
Pike,IL,0.74,0.32
Massac,IL,-0.01,0.21
Clinton,IL,0.99,0.46
Hamilton,IL,1.06,0.39
Jefferson,IL,0.03,0.14
Marion,IL,-0.08,0.17
Washington,IL,0.98,0.42
Alexander,IL,-0.63,0.06
Franklin,IL,0.23,0.17
Jackson,IL,-0.34,0.04
Johnson,IL,0.45,0.36
Perry,IL,0.35,0.22
Pulaski,IL,-0.17,0.19
Randolph,IL,0.48,0.44
Union,IL,0.09,0.16
Williamson,IL,0.02,-0.03
Gallatin,IL,0.74,0.46
Saline,IL,0.28,0.28
Fayette,IN,-0.29,0.03
Union,IN,0.47,0.25
Wayne,IN,-0.27,-0.07
Dearborn,IN,0.1,0.03
Decatur,IN,0.45,0.32
Franklin,IN,0.38,0.29
Ohio,IN,0.97,0.3
Ripley,IN,0.66,0.22
Switzerland,IN,0.58,0.34
Clark,IN,-0.05,0
Crawford,IN,0.17,0.35
Floyd,IN,0.04,0.05
Harrison,IN,0.33,0.16
Washington,IN,0.23,0.2
Jefferson,IN,0.17,0.16
LaPorte,IN,-0.3,-0.08
Marshall,IN,0.44,0.28
St Joseph,IN,-0.15,0.12
Starke,IN,0.44,0.16
Elkhart,IN,0.18,0.24
Lagrange,IN,1.41,0.38
Noble,IN,0.4,0.18
Fulton,IN,0.54,0.3
Kosciusko,IN,0.42,0.26
Wabash,IN,0.07,0.17
Cass,IN,0.29,0.32
Howard,IN,-0.34,-0.14
Miami,IN,0.23,0.11
Pulaski,IN,0.46,0.47
Tipton,IN,0.73,0.22
Blackford,IN,0.16,0.04
Delaware,IN,-0.36,0.03
Grant,IN,-0.33,0.05
Henry,IN,-0.07,0.13
Madison,IN,-0.36,-0.09
Randolph,IN,0.61,0.27
Adams,IN,0.48,0.33
Allen,IN,-0.33,0.19
DeKalb,IN,0.16,0.18
Huntington,IN,0.17,0.28
Jay,IN,0.17,0.25
Steuben,IN,0.29,0.12
Wells,IN,0.81,0.33
Whitley,IN,0.64,0.18
Boone,IN,0.34,0.12
Brown,IN,0.15,0
Hamilton,IN,0.47,-0.16
Hancock,IN,0.36,0.34
Hendricks,IN,0.68,0.03
Johnson,IN,0.14,0.06
Marion,IN,-0.65,-0.21
Morgan,IN,0.17,0.14
Rush,IN,0.27,0.36
Shelby,IN,-0.07,0
Bartholomew,IN,0.13,0.09
Jackson,IN,0.36,0.17
Jennings,IN,0.14,0.19
Scott,IN,-0.12,0.08
Clay,IN,0.29,0.14
Montgomery,IN,0.31,0.24
Parke,IN,0.43,0.32
Putnam,IN,0.23,0.16
Sullivan,IN,0.67,0.33
Vermillion,IN,0.31,0.31
Vigo,IN,-0.16,-0.06
Benton,IN,0.78,0.29
Carroll,IN,0.41,0.26
Clinton,IN,0.36,0.25
Fountain,IN,0.73,0.44
Tippecanoe,IN,0.13,0.15
Warren,IN,0.92,0.27
White,IN,0.6,0.18
Daviess,IN,0.75,0.37
Greene,IN,0.45,0.34
Lawrence,IN,0.13,0.13
Martin,IN,0.86,0.43
Monroe,IN,0,-0.07
Orange,IN,0.23,0.34
Owen,IN,0.12,0.05
Dubois,IN,1.28,0.54
Gibson,IN,0.6,0.35
Perry,IN,0.6,0.4
Pike,IN,0.6,0.53
Posey,IN,0.55,0.41
Spencer,IN,0.73,0.53
Vanderburgh,IN,-0.25,0.21
Warrick,IN,0.36,0.26
Knox,IN,0.39,0.33
Jasper,IN,0.81,0.34
Lake,IN,-0.4,-0.01
Newton,IN,0.58,0.13
Porter,IN,0.39,0.01
Cerro Gordo,IA,0.53,0.14
Hancock,IA,1.24,0.37
Winnebago,IA,1.01,0.25
Worth,IA,0.88,0.39
Chickasaw,IA,1.39,0.46
Floyd,IA,0.83,0.36
Howard,IA,1.29,0.45
Mitchell,IA,1.02,0.46
Winneshiek,IA,1.31,0.27
Jasper,IA,0.56,0.24
Marshall,IA,0.5,0.37
Poweshiek,IA,1.02,0.38
Tama,IA,0.94,0.37
Black Hawk,IA,0.07,0.23
Bremer,IA,1.22,0.53
Buchanan,IA,1.12,0.46
Butler,IA,1.48,0.57
Fayette,IA,1.03,0.35
Grundy,IA,1.56,0.47
Franklin,IA,0.93,0.42
Hardin,IA,1.05,0.49
Cedar,IA,1.24,0.48
Johnson,IA,0.34,0.03
Louisa,IA,0.72,0.27
Muscatine,IA,0.34,0.25
Washington,IA,0.51,0.39
Benton,IA,1.04,0.34
Iowa,IA,1.12,0.5
Jones,IA,0.97,0.43
Linn,IA,0.31,0.19
Davis,IA,0.92,0.33
Jefferson,IA,0.36,-0.08
Keokuk,IA,1.04,0.53
Mahaska,IA,0.87,0.36
Marion,IA,0.79,0.4
Monroe,IA,0.8,0.35
Van Buren,IA,0.86,0.22
Wapello,IA,0.24,0.23
Allamakee,IA,1.03,0.37
Clayton,IA,1.27,0.44
Delaware,IA,1.35,0.38
Dubuque,IA,0.84,0.25
Des Moines,IA,0.1,0.11
Henry,IA,0.76,0.25
Lee,IA,0.24,0.25
Scott,IA,-0.02,0.31
Clinton,IA,0.57,0.2
Jackson,IA,1.05,0.43
Appanoose,IA,0.58,0.25
Lucas,IA,0.92,0.34
Wayne,IA,0.96,0.48
Lyon,IA,1.76,0.58
O Brien,IA,1.34,0.58
Sioux,IA,1.84,0.71
Osceola,IA,1.33,0.47
Clay,IA,1.03,0.25
Dickinson,IA,0.83,0.2
Kossuth,IA,1.5,0.47
Palo Alto,IA,1.33,0.43
Emmet,IA,1.14,0.26
Buena Vista,IA,1.04,0.45
Cherokee,IA,1.04,0.42
Ida,IA,1.47,0.49
Sac,IA,1.42,0.5
Calhoun,IA,1.26,0.37
Hamilton,IA,0.93,0.26
Humboldt,IA,1.19,0.52
Pocahontas,IA,1.08,0.61
Webster,IA,0.25,0.24
Wright,IA,1,0.33
Adair,IA,1.45,0.49
Boone,IA,0.59,0.38
Dallas,IA,0.78,0.22
Guthrie,IA,0.81,0.48
Madison,IA,1.02,0.3
Polk,IA,0.07,0.19
Story,IA,0.79,0.09
Warren,IA,1,0.33
Clarke,IA,1.1,0.37
Decatur,IA,0.75,0.14
Ringgold,IA,0.92,0.28
Union,IA,0.84,0.47
Audubon,IA,1.17,0.62
Cass,IA,0.83,0.39
Shelby,IA,0.97,0.5
Carroll,IA,1.36,0.57
Crawford,IA,1.18,0.46
Greene,IA,0.83,0.43
Monona,IA,0.79,0.33
Plymouth,IA,1.43,0.32
Woodbury,IA,0.31,0.1
Adams,IA,1.23,0.34
Fremont,IA,0.73,0.54
Montgomery,IA,0.85,0.29
Page,IA,0.8,0.37
Taylor,IA,1.28,0.7
Harrison,IA,0.96,0.26
Mills,IA,0.78,0.27
Pottawattamie,IA,0.42,0.03
Norton,KS,1.14,0.35
Phillips,KS,1.26,0.52
Smith,KS,0.93,0.32
Gove,KS,1.32,0.46
Logan,KS,0.83,0.59
Thomas,KS,1.16,0.26
Sherman,KS,0.65,0.53
Barber,KS,1.18,0.65
Pratt,KS,0.86,0.26
Ford,KS,0.48,0.23
Gray,KS,1.14,0.43
Barton,KS,0.78,0.3
Pawnee,KS,0.67,0.45
Stafford,KS,0.81,0.55
Ellsworth,KS,1.21,0.32
Reno,KS,0.29,0.06
Rice,KS,0.67,0.31
Ellis,KS,0.96,0.29
Russell,KS,1,0.26
Rooks,KS,0.9,0.57
Ness,KS,1.86,0.47
Cloud,KS,0.84,0.56
Republic,KS,1.1,0.5
Mitchell,KS,1.1,0.45
Osborne,KS,0.91,0.48
Ottawa,KS,1.02,0.49
Saline,KS,0.17,0.1
Brown,KS,0.83,0.58
Nemaha,KS,1.75,0.73
Marshall,KS,1.34,0.56
Washington,KS,1.43,0.59
Clay,KS,0.9,0.44
Dickinson,KS,0.7,0.3
Geary,KS,-0.06,0
Morris,KS,1.12,0.22
Pottawatomie,KS,0.96,0.35
Riley,KS,0.28,0.13
Douglas,KS,0.17,-0.09
Jackson,KS,0.94,0.33
Jefferson,KS,0.93,0.3
Osage,KS,0.65,0.34
Shawnee,KS,-0.24,0.08
Wabaunsee,KS,1.22,0.64
Butler,KS,0.34,0.21
Harper,KS,0.88,0.42
Kingman,KS,1.2,0.28
Sedgwick,KS,-0.04,0.1
Sumner,KS,0.63,0.38
Harvey,KS,0.53,0.19
McPherson,KS,0.75,0.31
Marion,KS,0.96,0.38
Cowley,KS,0.49,0.13
Greenwood,KS,0.86,0.25
Allen,KS,0.43,0.28
Anderson,KS,0.85,0.31
Franklin,KS,0.75,0.26
Coffey,KS,0.94,0.37
Lyon,KS,0.32,0.21
Labette,KS,0.45,0.12
Montgomery,KS,0.29,0.17
Neosho,KS,0.59,0.28
Wilson,KS,0.62,0.4
Atchison,KS,0.76,0.28
Leavenworth,KS,0.09,0.14
Johnson,KS,0.37,0.08
Linn,KS,0.93,0.15
Miami,KS,0.59,0.36
Wyandotte,KS,-0.42,-0.12
Doniphan,KS,0.76,0.37
Bourbon,KS,0.25,0.26
Cherokee,KS,0.25,0.43
Crawford,KS,0.26,0.17
Finney,KS,0.39,0.09
Kearny,KS,0.69,0.11
Grant,KS,0.78,0.3
Stevens,KS,1.12,0.32
Scott,KS,1.06,0.4
Meade,KS,1.55,0.5
Seward,KS,0.57,0.22
Bell,KY,-0.16,0.07
Clay,KY,-0.28,-0.13
Knox,KY,0.01,-0.03
Laurel,KY,0.04,0.03
Whitley,KY,-0.1,0.02
Estill,KY,-0.09,0.12
Jackson,KY,0.41,0.23
Madison,KY,-0.1,-0.01
Rockcastle,KY,0.04,-0.02
Breathitt,KY,-0.26,0.15
Lee,KY,-0.18,0.03
Morgan,KY,0.3,0.03
Wolfe,KY,-0.02,-0.24
Harlan,KY,0.31,0
Knott,KY,0.14,-0.02
Leslie,KY,0.47,0.08
Letcher,KY,0.37,0.08
Perry,KY,0.1,-0.04
Adair,KY,0.16,0
Casey,KY,0.05,0.13
Green,KY,0.61,0.23
Russell,KY,0.12,0.24
Taylor,KY,0.21,0.18
Clinton,KY,-0.13,-0.03
McCreary,KY,-0.01,0.05
Pulaski,KY,0.04,0.01
Wayne,KY,0.01,0.1
Allen,KY,0.04,0.13
Edmonson,KY,0.27,0.15
Logan,KY,0.28,0.23
Simpson,KY,0,0.1
Warren,KY,-0.23,-0.04
Barren,KY,0.13,0.17
Cumberland,KY,0.06,-0.03
Hart,KY,-0.06,0
Metcalfe,KY,0.13,0.27
Monroe,KY,0.03,0.08
Christian,KY,-0.29,0.04
Todd,KY,0.1,0.07
Trigg,KY,-0.25,0.11
Boone,KY,0.3,0.06
Campbell,KY,0.06,0.21
Gallatin,KY,0.49,0.02
Grant,KY,0.23,-0.08
Kenton,KY,-0.28,0.07
Pendleton,KY,0.26,0.28
Bracken,KY,0.08,0.24
Fleming,KY,0.23,0.23
Lewis,KY,0.03,0.2
Mason,KY,-0.26,0.03
Anderson,KY,0.42,0.07
Bourbon,KY,-0.3,-0.09
Clark,KY,-0.36,0.03
Fayette,KY,-0.39,-0.27
Franklin,KY,-0.27,-0.03
Harrison,KY,0.06,0.11
Jessamine,KY,-0.28,-0.09
Nicholas,KY,0.1,0.41
Owen,KY,0.18,0.35
Powell,KY,-0.1,0.15
Scott,KY,-0.21,-0.17
Woodford,KY,-0.08,-0.1
Bath,KY,-0.11,-0.04
Menifee,KY,-0.07,0.34
Montgomery,KY,-0.14,-0.05
Boyle,KY,-0.05,-0.07
Garrard,KY,-0.08,0.11
Lincoln,KY,0.19,0.09
Mercer,KY,0.32,0.14
Breckinridge,KY,0.55,0.24
Grayson,KY,0.29,0.27
Hardin,KY,0.08,0.02
Larue,KY,0.44,0.22
Meade,KY,0.4,0.28
Bullitt,KY,0.26,0.2
Henry,KY,0.18,0.04
Jefferson,KY,-0.43,0.05
Oldham,KY,0.42,0.12
Shelby,KY,-0.09,-0.02
Spencer,KY,0.51,0.27
Carroll,KY,0.06,0.15
Trimble,KY,0.69,0.34
Marion,KY,0.21,0.31
Nelson,KY,0.29,0.18
Washington,KY,0.53,0.27
Butler,KY,0.21,0.35
Daviess,KY,0.03,0.18
Hancock,KY,0.65,0.4
McLean,KY,0.5,0.25
Muhlenberg,KY,0.23,0.21
Ohio,KY,0.26,0.29
Floyd,KY,0.13,-0.1
Johnson,KY,0.24,0.09
Lawrence,KY,0.16,0.1
Magoffin,KY,0.21,0.26
Martin,KY,0.51,0.2
Pike,KY,0.39,0.09
Boyd,KY,-0.28,-0.16
Carter,KY,0.04,0.07
Greenup,KY,0.24,-0.06
Rowan,KY,-0.31,-0.12
Caldwell,KY,0.36,0.16
Crittenden,KY,0.31,0.38
Henderson,KY,-0.09,0
Hopkins,KY,0.02,0.23
Union,KY,0.41,0.3
Webster,KY,0.65,0.64
Fulton,KY,-0.48,0.28
Graves,KY,0.12,0.17
Ballard,KY,0.26,0.14
Carlisle,KY,0.49,0.47
Livingston,KY,0.35,-0.08
McCracken,KY,-0.28,-0.02
Marshall,KY,0.33,0.22
Calloway,KY,0.13,-0.12
Catahoula,LA,0.29,0.8
La Salle,LA,0.78,0.59
Concordia,LA,-0.31,0.12
Tensas,LA,-0.26,0.49
Madison,LA,-0.69,-0.33
Jefferson,LA,-0.64,0
Orleans,LA,-1.06,-0.34
Plaquemines,LA,0.18,0.07
St Bernard,LA,-0.31,-0.01
St Charles,LA,-0.11,0.17
St James,LA,-0.15,0.43
St John The Baptist,LA,-0.61,0
St Tammany,LA,-0.18,-0.2
Washington,LA,-0.26,0.09
Assumption,LA,0.05,0.42
Lafourche,LA,0.19,0.42
St Mary,LA,-0.06,0.2
Terrebonne,LA,0.2,0.22
Ascension,LA,0.01,0.29
East Baton Rouge,LA,-0.78,0
East Feliciana,LA,-0.45,0.12
Iberville,LA,-0.34,0.2
Livingston,LA,0.11,0.16
Pointe Coupee,LA,-0.24,0.24
St Helena,LA,-0.52,0.13
Tangipahoa,LA,-0.31,0.14
West Baton Rouge,LA,-0.23,0.33
West Feliciana,LA,-0.08,0.01
Avoyelles,LA,-0.18,0.44
Grant,LA,0.06,0.38
Rapides,LA,-0.29,-0.01
Allen,LA,0.38,0.35
Beauregard,LA,0.36,0.15
Calcasieu,LA,0.06,-0.02
Cameron,LA,0.37,0.31
Jefferson Davis,LA,0.3,0.29
Vernon,LA,0.26,0.19
Acadia,LA,0.21,0.27
Evangeline,LA,0.36,0.38
Iberia,LA,-0.29,0.22
Lafayette,LA,-0.28,-0.15
St Landry,LA,0.15,0.24
St Martin,LA,-0.07,0.13
Vermilion,LA,0.45,0.37
Caldwell,LA,0.24,0.34
Franklin,LA,-0.12,0.34
Morehouse,LA,-0.6,-0.05
Ouachita,LA,-0.26,0.04
Richland,LA,-0.38,0.25
Union,LA,-0.22,0.3
East Carroll,LA,-0.8,0.02
West Carroll,LA,0.14,0.38
Bienville,LA,-0.13,0.48
Bossier,LA,-0.09,0.12
Caddo,LA,-0.41,-0.02
Claiborne,LA,-0.29,0.29
De Soto,LA,-0.19,0.36
Natchitoches,LA,-0.43,0.12
Red River,LA,-0.26,0.52
Webster,LA,-0.05,0.32
Jackson,LA,-0.06,0.37
Lincoln,LA,-0.5,0.11
Winn,LA,0.02,0.2
Sabine,LA,0.1,0.5
Hancock,ME,-0.06,-0.1
Knox,ME,-0.15,-0.16
Penobscot,ME,0.07,-0.13
Piscataquis,ME,0.15,0
Waldo,ME,-0.16,-0.15
Washington,ME,-0.28,-0.06
Aroostook,ME,0.26,0.24
Androscoggin,ME,0.11,0.07
Cumberland,ME,0.19,-0.03
Franklin,ME,0.17,0.08
Kennebec,ME,0.21,-0.01
Lincoln,ME,-0.01,0.03
Oxford,ME,-0.03,0.02
Sagadahoc,ME,0.09,-0.16
Somerset,ME,0.25,0.02
York,ME,0.3,-0.13
Anne Arundel,MD,0.23,0.31
Baltimore,MD,-0.05,0.08
Carroll,MD,0.53,0.04
Harford,MD,0,0.06
Howard,MD,0.39,0.37
Baltimore City,MD,-0.7,-0.04
Calvert,MD,0.25,0.23
Charles,MD,0.09,0.36
Frederick,MD,0.47,0.12
Montgomery,MD,0.47,0.01
Prince Georges,MD,-0.09,-0.08
St Mary's,MD,0.34,0.47
Washington,MD,0.17,0.25
Allegany,MD,0.07,0.2
Garrett,MD,0.4,0.22
Cecil,MD,0.19,0.12
Somerset,MD,-0.18,0
Wicomico,MD,-0.22,-0.02
Worcester,MD,-0.07,0.13
Caroline,MD,-0.2,0.14
Dorchester,MD,-0.4,0.22
Kent,MD,-0.13,0.21
Queen Anne's,MD,0.16,0.33
Talbot,MD,-0.11,0.01
Bristol,MA,-0.16,0.13
Nantucket,MA,0.59,-0.06
Dukes,MA,-0.08,-0.38
Barnstable,MA,0.14,-0.12
Essex,MA,0.01,-0.19
Middlesex,MA,0.39,0.03
Norfolk,MA,0.57,0.31
Plymouth,MA,0.17,0.22
Suffolk,MA,-0.31,-0.18
Worcester,MA,0.24,0.27
Franklin,MA,0.19,-0.22
Hampden,MA,-0.23,-0.1
Hampshire,MA,0.25,-0.07
Berkshire,MA,-0.13,-0.03
Alger,MI,0.03,-0.12
Delta,MI,0.14,-0.04
Marquette,MI,-0.21,-0.07
Schoolcraft,MI,0.45,0.24
Dickinson,MI,0.26,0.03
Iron,MI,0.19,0.11
Menominee,MI,0.45,0.22
Chippewa,MI,0.09,-0.03
Luce,MI,0.1,-0.07
Mackinac,MI,0.07,-0.22
Hillsdale,MI,0,0.03
Jackson,MI,-0.34,-0.07
Lenawee,MI,0.02,-0.07
Genesee,MI,-0.83,-0.23
Lapeer,MI,0.04,-0.24
Livingston,MI,-0.21,-0.12
Macomb,MI,0.35,0.06
Oakland,MI,0.07,0.09
St Clair,MI,-0.06,0.05
Sanilac,MI,0.36,0.04
Shiawassee,MI,-0.13,-0.08
Washtenaw,MI,-0.53,-0.42
Wayne,MI,-0.57,-0.15
Clinton,MI,0.55,0.06
Eaton,MI,0.16,0.1
Ingham,MI,-0.33,-0.01
Clare,MI,-0.02,-0.02
Gratiot,MI,0.04,0.05
Isabella,MI,-0.05,0.07
Arenac,MI,0.17,0.01
Bay,MI,-0.1,0.08
Gladwin,MI,0.15,0.08
Huron,MI,0.66,0.16
Midland,MI,0.02,-0.03
Saginaw,MI,-0.53,-0.03
Tuscola,MI,0.11,-0.01
Lake,MI,-0.01,-0.17
Mecosta,MI,-0.17,-0.06
Missaukee,MI,0.47,0.28
Osceola,MI,-0.04,0.28
Wexford,MI,-0.03,-0.05
Manistee,MI,0.07,-0.1
Mason,MI,-0.09,0
Barry,MI,0.22,-0.05
Calhoun,MI,-0.47,-0.11
Kalamazoo,MI,-0.34,0.06
Van Buren,MI,-0.09,-0.05
Allegan,MI,0.19,0.11
Ionia,MI,0.19,0.12
Kent,MI,-0.25,0.23
Montcalm,MI,-0.16,0
Muskegon,MI,-0.51,-0.03
Newaygo,MI,0.09,-0.02
Oceana,MI,0.31,0.06
Ottawa,MI,0.68,0.29
Antrim,MI,-0.03,-0.11
Benzie,MI,0.02,-0.28
Grand Traverse,MI,0.02,-0.09
Kalkaska,MI,-0.1,-0.1
Leelanau,MI,0.17,0.01
Charlevoix,MI,-0.22,-0.03
Cheboygan,MI,-0.08,-0.12
Emmet,MI,0.13,-0.28
Alcona,MI,0.12,-0.08
Alpena,MI,-0.04,-0.03
Iosco,MI,-0.27,0
Presque Isle,MI,0.35,0.22
Crawford,MI,-0.38,-0.29
Montmorency,MI,0.09,-0.07
Ogemaw,MI,0.09,0.16
Oscoda,MI,-0.23,-0.03
Otsego,MI,-0.05,-0.08
Roscommon,MI,-0.18,-0.08
Monroe,MI,0.19,-0.01
Berrien,MI,-0.58,0.02
Cass,MI,-0.09,0.06
Branch,MI,0.12,0.01
St Joseph,MI,0.18,0.04
Baraga,MI,0,-0.31
Houghton,MI,0.24,0.18
Gogebic,MI,0.02,-0.02
Ontonagon,MI,0.33,0.02
McLeod,MN,1.03,0.24
Meeker,MN,1.08,0.42
Sibley,MN,1.19,0.44
Redwood,MN,1.39,0.56
Renville,MN,1.22,0.48
Blue Earth,MN,0.51,0.11
Brown,MN,1.36,0.37
Le Sueur,MN,1.16,0.34
Nicollet,MN,1.02,0.26
Watonwan,MN,0.66,0.45
Rice,MN,0.64,0.15
Steele,MN,0.64,0.38
Waseca,MN,0.96,0.29
Benton,MN,1.02,0.43
Mille Lacs,MN,0.56,0.32
Sherburne,MN,0.67,0.25
Stearns,MN,1.03,0.22
Anoka,MN,0.6,0.43
Carver,MN,1.21,0.29
Chisago,MN,0.79,0.35
Dakota,MN,0.61,0.19
Hennepin,MN,-0.08,0.11
Isanti,MN,0.79,0.26
Ramsey,MN,0.09,0.03
Scott,MN,0.74,0.19
Washington,MN,0.69,-0.11
Wright,MN,0.85,0.3
Kanabec,MN,0.66,0.14
Pine,MN,0.64,0.51
Aitkin,MN,0.67,0.31
Cass,MN,-0.16,0.17
Crow Wing,MN,0.3,0.21
Itasca,MN,0.52,0.11
Dodge,MN,0.92,0.31
Fillmore,MN,0.9,0.44
Goodhue,MN,0.86,0.38
Olmsted,MN,0.58,0.15
Wabasha,MN,1.1,0.37
Freeborn,MN,0.74,0.32
Mower,MN,0.65,0.28
Winona,MN,0.62,0.17
Houston,MN,0.97,0.27
Lake Of The Woods,MN,0.74,0.16
Roseau,MN,0.97,0.28
Carlton,MN,0.19,0.18
Lake,MN,0.36,0.18
St Louis,MN,0.08,0.09
Cook,MN,0.55,-0.1
Koochiching,MN,0.53,0.13
Big Stone,MN,1.49,0.43
Traverse,MN,1.21,0.55
Becker,MN,0.64,0.34
Beltrami,MN,-0.19,0.08
Clearwater,MN,0.62,0.28
Hubbard,MN,0.46,0.26
Mahnomen,MN,-0.03,0.36
Kittson,MN,1.2,0.33
Marshall,MN,1.24,0.57
Pennington,MN,0.95,0.27
Red Lake,MN,1.38,0.56
Polk,MN,1.03,0.33
Clay,MN,0.71,0.23
Norman,MN,1.08,0.46
Wilkin,MN,1.02,0.35
Douglas,MN,0.95,0.27
Grant,MN,1,0.47
Otter Tail,MN,0.89,0.33
Pope,MN,1.15,0.48
Stevens,MN,1.42,0.54
Morrison,MN,0.87,0.31
Todd,MN,1.18,0.31
Wadena,MN,1.03,0.32
Chippewa,MN,1.37,0.37
Kandiyohi,MN,0.88,0.37
Lac Qui Parle,MN,1.19,0.48
Swift,MN,1.36,0.39
Yellow Medicine,MN,1.22,0.52
Lincoln,MN,1.17,0.79
Lyon,MN,1.11,0.43
Pipestone,MN,1.38,0.53
Rock,MN,1.16,0.53
Cottonwood,MN,1.29,0.44
Jackson,MN,1,0.52
Murray,MN,1.15,0.47
Nobles,MN,1.24,0.46
Faribault,MN,0.95,0.33
Martin,MN,0.74,0.4
George,MS,0.43,0.52
Greene,MS,0.28,0.65
Hancock,MS,-0.29,-0.08
Harrison,MS,-0.17,-0.14
Jackson,MS,-0.29,-0.09
Pearl River,MS,-0.16,0
Stone,MS,0.29,0.35
Jasper,MS,-0.21,0.29
Jones,MS,-0.11,0.18
Smith,MS,0.02,0.49
Wayne,MS,-0.01,0.42
Covington,MS,-0.12,0.22
Forrest,MS,-0.57,-0.04
Jefferson Davis,MS,-0.5,0.22
Lamar,MS,0.09,0.23
Perry,MS,0.29,0.35
Attala,MS,-0.29,0.34
Holmes,MS,-0.76,-0.09
Humphreys,MS,-0.97,-0.24
Yazoo,MS,-0.67,0.11
Copiah,MS,-0.56,0.2
Hinds,MS,-0.9,-0.16
Leake,MS,-0.01,0.48
Madison,MS,-0.53,-0.12
Rankin,MS,-0.08,0.15
Scott,MS,-0.49,0.26
Simpson,MS,-0.13,0.32
Amite,MS,-0.14,0.37
Marion,MS,-0.05,0.35
Pike,MS,-0.48,0.09
Walthall,MS,-0.14,0.41
Wilkinson,MS,-0.25,0.15
Lawrence,MS,-0.03,0.46
Lincoln,MS,-0.06,0.29
Adams,MS,-0.5,-0.13
Franklin,MS,-0.21,0.28
Claiborne,MS,-0.93,-0.47
Jefferson,MS,-0.65,-0.29
Warren,MS,-0.71,0
Carroll,MS,-0.33,0.33
Grenada,MS,-0.83,-0.15
Leflore,MS,-0.91,-0.08
Montgomery,MS,-0.32,0.4
Coahoma,MS,-1.05,-0.18
Lafayette,MS,-0.52,-0.12
Panola,MS,-0.75,0.01
Quitman,MS,-0.82,-0.17
Tallahatchie,MS,-0.88,0.06
Yalobusha,MS,-0.66,0.09
Bolivar,MS,-0.85,-0.17
Sharkey,MS,-0.68,0.12
Sunflower,MS,-0.87,-0.17
Washington,MS,-0.83,-0.27
Calhoun,MS,-0.49,0.15
Chickasaw,MS,-0.6,0.11
Itawamba,MS,-0.01,0.39
Lee,MS,-0.51,-0.08
Monroe,MS,-0.41,0.06
Pontotoc,MS,0.2,0.27
Alcorn,MS,-0.2,0.03
Prentiss,MS,-0.1,0.12
Tishomingo,MS,0.26,0.41
Benton,MS,-0.16,0.29
Tippah,MS,0.18,0.29
Union,MS,-0.03,0.29
Desoto,MS,0.05,0.01
Marshall,MS,-0.5,-0.06
Tate,MS,-0.49,0.27
Tunica,MS,-0.96,-0.13
Clarke,MS,-0.1,0.33
Kemper,MS,-0.61,0.31
Lauderdale,MS,-0.61,0.08
Neshoba,MS,-0.53,0.19
Newton,MS,-0.15,0.47
Lowndes,MS,-0.68,-0.03
Noxubee,MS,-0.61,0.23
Choctaw,MS,-0.17,0.26
Clay,MS,-0.75,-0.1
Oktibbeha,MS,-0.84,-0.09
Webster,MS,-0.37,0.43
Winston,MS,-0.67,0.01
Clark,MO,0.45,0.44
Dent,MO,0.52,0.31
Maries,MO,0.56,0.4
Phelps,MO,0.2,0.14
Pulaski,MO,0.01,0.04
Reynolds,MO,0.67,0.37
Iron,MO,0.52,0.13
Madison,MO,0.53,0.12
Perry,MO,0.91,0.51
Ste Genevieve,MO,0.57,0.52
St Francois,MO,0.1,0.18
Washington,MO,0.03,0.23
Crawford,MO,0.21,0.18
Franklin,MO,0.4,0.14
Gasconade,MO,0.58,0.33
Jefferson,MO,0.16,0.16
Lincoln,MO,0.48,0.37
St Charles,MO,0.24,0.22
St Louis,MO,-0.12,0.08
Warren,MO,0.29,0.11
St Louis City,MO,-0.83,-0.26
Audrain,MO,0.41,0.25
Montgomery,MO,0.75,0.28
Lewis,MO,0.83,0.2
Marion,MO,0.04,0.22
Pike,MO,0.26,0.24
Ralls,MO,0.97,0.26
Ozark,MO,0.3,0.03
Howell,MO,0.46,0.15
Oregon,MO,0.56,0.46
Shannon,MO,0.2,0.08
Texas,MO,0.35,0.18
Bollinger,MO,0.46,0.49
Cape Girardeau,MO,0.08,0.08
Mississippi,MO,-0.29,0.22
New Madrid,MO,-0.23,0.19
Scott,MO,0.09,0.19
Stoddard,MO,0.53,0.39
Butler,MO,-0.08,0.01
Carter,MO,0.37,0.35
Ripley,MO,0.24,0.36
Wayne,MO,0.53,0.21
Dunklin,MO,-0.06,0.23
Pemiscot,MO,-0.31,0.25
Macon,MO,0.56,0.27
Monroe,MO,0.68,0.23
Randolph,MO,-0.12,0.22
Shelby,MO,0.89,0.33
Carroll,MO,0.92,0.55
Livingston,MO,0.44,0.32
Saline,MO,0.22,0.25
Chariton,MO,0.97,0.73
Linn,MO,0.88,0.4
Grundy,MO,0.54,0.37
Putnam,MO,0.66,0.37
Sullivan,MO,0.77,0.25
Adair,MO,0.35,-0.07
Scotland,MO,0.68,0.43
Bates,MO,0.73,0.46
Cass,MO,0.58,0.04
Clay,MO,0.41,0.08
Jackson,MO,-0.12,-0.07
Johnson,MO,0.22,0.1
Lafayette,MO,0.32,0.34
Platte,MO,0.57,0.19
Ray,MO,0.55,0.3
Andrew,MO,0.71,0.32
Buchanan,MO,0.04,0.25
Caldwell,MO,0.73,0.41
Clinton,MO,0.41,0.18
Daviess,MO,0.23,0.36
DeKalb,MO,1.11,0.46
Benton,MO,0.41,0.2
Henry,MO,0.4,0.17
Pettis,MO,0.12,0.13
St Clair,MO,0.37,0.26
Atchison,MO,0.85,0.36
Holt,MO,0.94,0.48
Nodaway,MO,0.93,0.26
Gentry,MO,1.14,0.44
Harrison,MO,0.78,0.44
Boone,MO,-0.27,-0.01
Callaway,MO,0.19,0.04
Cole,MO,0.49,0.12
Cooper,MO,0.47,0.09
Howard,MO,0.59,0.27
Moniteau,MO,0.66,0.4
Osage,MO,1.11,0.53
Camden,MO,0.19,0.21
Miller,MO,0.27,0.4
Morgan,MO,0.33,0.19
Christian,MO,0.4,0.22
Dallas,MO,0.4,0.14
Douglas,MO,0.39,0.27
Greene,MO,0.16,0.04
Hickory,MO,0.32,0.4
Laclede,MO,0.26,0.24
Polk,MO,0.39,0.37
Webster,MO,0.33,0.2
Wright,MO,0.29,0.38
Barry,MO,0.47,0.12
Lawrence,MO,0.41,0.23
Stone,MO,0.28,0.24
Taney,MO,0.09,-0.04
Jasper,MO,0.25,0.07
Newton,MO,0.24,0.2
Barton,MO,0.65,0.21
Cedar,MO,0.4,0.38
Dade,MO,0.86,0.26
Vernon,MO,0.34,0.2
McDonald,MO,0.32,-0.07
Fallon,MT,1.66,0.92
Roosevelt,MT,-0.45,0.05
Sheridan,MT,1.17,0.36
Phillips,MT,0.84,-0.12
Valley,MT,0.49,0.22
Dawson,MT,1.2,0.4
Richland,MT,1.47,0.41
Blaine,MT,0.05,0.12
Hill,MT,-0.09,0.14
Glacier,MT,-1.01,-0.2
Pondera,MT,0.41,0.19
Toole,MT,0.61,0.09
Cascade,MT,0.31,0.06
Chouteau,MT,0.79,0.26
Teton,MT,0.83,0.08
Fergus,MT,0.7,0.15
Big Horn,MT,-0.88,-0.27
Custer,MT,0.88,0.09
Rosebud,MT,-0.66,0.13
Carbon,MT,0.7,0.11
Stillwater,MT,0.97,0.28
Yellowstone,MT,0.4,0.02
Beaverhead,MT,0.78,0.08
Gallatin,MT,0.48,-0.16
Madison,MT,0.79,0.14
Park,MT,0.53,0.1
Jefferson,MT,0.52,-0.01
Lewis And Clark,MT,0.29,-0.07
Deer Lodge,MT,0.36,0.24
Powell,MT,0.52,0.2
Silver Bow,MT,0.32,0.06
Lincoln,MT,0.45,0.1
Flathead,MT,0.38,-0.1
Lake,MT,-0.03,-0.05
Sanders,MT,0.83,0.27
Missoula,MT,0.05,-0.3
Ravalli,MT,0.42,-0.11
Holt,NE,1.26,0.46
Valley,NE,1.19,0.63
Cedar,NE,1.79,0.52
Knox,NE,1.33,0.52
Box Butte,NE,0.91,0.32
Dawes,NE,0.47,0.15
Morrill,NE,1.1,0.38
Scotts Bluff,NE,0.49,0.12
Cheyenne,NE,1.04,0.36
Sheridan,NE,1.06,0.15
Antelope,NE,1.12,0.52
Madison,NE,0.79,0.31
Pierce,NE,1.47,0.53
Boone,NE,1.62,0.54
Butler,NE,1.23,0.49
Colfax,NE,1.56,0.45
Nance,NE,1.2,0.26
Platte,NE,1.22,0.44
Adams,NE,0.56,0.13
Clay,NE,1.63,0.33
Fillmore,NE,1.3,0.59
Polk,NE,1.44,0.34
York,NE,1.24,0.36
Hall,NE,0.61,0.19
Hamilton,NE,1.04,0.47
Howard,NE,1.37,0.37
Merrick,NE,1.25,0.49
Dakota,NE,0.83,0.25
Dixon,NE,1.3,0.4
Wayne,NE,1.18,0.41
Burt,NE,0.91,0.41
Cuming,NE,1.57,0.57
Thurston,NE,-0.68,0.26
Gage,NE,0.87,0.44
Jefferson,NE,1.22,0.45
Lancaster,NE,0.08,-0.09
Saline,NE,1.29,0.53
Seward,NE,1.11,0.42
Johnson,NE,1.39,0.46
Nemaha,NE,1,0.4
Otoe,NE,0.78,0.39
Richardson,NE,0.83,0.38
Cass,NE,0.65,0.33
Dodge,NE,0.77,0.28
Douglas,NE,-0.14,-0.02
Sarpy,NE,0.58,0.05
Saunders,NE,1.18,0.27
Washington,NE,0.88,0.24
Keith,NE,0.72,0.25
Cherry,NE,0.68,0.29
Custer,NE,1.15,0.29
Lincoln,NE,0.65,0.06
Chase,NE,1.32,0.59
Red Willow,NE,1.06,0.33
Buffalo,NE,0.91,0.15
Kearney,NE,1.1,0.33
Dawson,NE,0.81,0.39
Furnas,NE,1.19,0.4
Phelps,NE,1.09,0.33
Nuckolls,NE,1.23,0.48
Thayer,NE,1.43,0.65
Douglas,NV,0.3,-0.03
Elko,NV,0.58,0.27
Lander,NV,0.78,0.32
White Pine,NV,0.51,0.55
Humboldt,NV,0.74,0.34
Churchill,NV,0.31,-0.05
Lyon,NV,0.34,0.02
Washoe,NV,0.4,-0.4
Carson City,NV,0.26,-0.06
Clark,NV,0.19,-0.1
Lincoln,NV,1.25,0.33
Nye,NV,0.31,0.1
Coos,NH,0.44,0.11
Grafton,NH,0.15,0.02
Sullivan,NH,0.15,-0.04
Belknap,NH,-0.03,0.08
Carroll,NH,0.13,-0.11
Hillsborough,NH,0.04,0.13
Merrimack,NH,0.18,0.02
Rockingham,NH,0.43,0.15
Strafford,NH,0.33,0.13
Cheshire,NH,0.15,-0.05
Monmouth,NJ,0.23,0.15
Ocean,NJ,0.08,-0.03
Bergen,NJ,0.69,0.31
Essex,NJ,-0.46,0.15
Hudson,NJ,0.21,0.33
Hunterdon,NJ,0.64,0.03
Mercer,NJ,-0.05,0.06
Middlesex,NJ,0.46,0.03
Morris,NJ,0.16,-0.09
Passaic,NJ,-0.37,-0.1
Somerset,NJ,0.38,0.17
Sussex,NJ,0.46,-0.02
Union,NJ,-0.03,-0.12
Warren,NJ,0.4,0
Atlantic,NJ,-0.78,-0.12
Burlington,NJ,0.11,-0.13
Camden,NJ,-0.34,-0.27
Cape May,NJ,-0.07,-0.09
Cumberland,NJ,-0.43,0
Gloucester,NJ,-0.03,-0.09
Salem,NJ,0,0.22
Dona Ana,NM,-0.28,-0.33
Lincoln,NM,0.08,-0.08
Otero,NM,-0.15,-0.13
Sierra,NM,0.11,-0.35
Grant,NM,-0.15,-0.14
Hidalgo,NM,0.43,-0.05
Luna,NM,-0.11,-0.1
Chaves,NM,0.03,0.03
Eddy,NM,0.38,0.14
Guadalupe,NM,-0.07,0.05
Lea,NM,0.7,0.26
Curry,NM,0.08,0.09
Roosevelt,NM,0.09,-0.01
Colfax,NM,0,-0.04
Mora,NM,0.12,-0.28
San Miguel,NM,-0.14,-0.12
Los Alamos,NM,0.6,-0.2
Rio Arriba,NM,-0.01,-0.26
Santa Fe,NM,-0.06,-0.31
Taos,NM,-0.17,-0.27
Quay,NM,0.03,-0.14
Bernalillo,NM,-0.2,-0.26
Cibola,NM,-0.32,-0.19
Sandoval,NM,-0.45,-0.33
Torrance,NM,0.36,-0.11
Valencia,NM,-0.09,-0.16
Socorro,NM,-0.23,-0.11
San Juan,NM,0.03,-0.06
McKinley,NM,-0.95,-0.44
Chautauqua,NY,0.03,0.1
Cayuga,NY,0.05,0.01
Cortland,NY,0.07,0.03
Herkimer,NY,0.24,0.05
Madison,NY,0.29,0.01
Oneida,NY,0.13,0.05
Onondaga,NY,-0.14,0
Oswego,NY,0.21,0.21
Chenango,NY,0.23,0.07
Delaware,NY,0.25,0.1
Otsego,NY,0.43,0.04
Broome,NY,-0.32,0.02
Tioga,NY,0.07,0.07
Erie,NY,0.03,0.2
Genesee,NY,0.13,-0.05
Livingston,NY,0.31,-0.07
Monroe,NY,-0.34,-0.15
Niagara,NY,-0.19,0.1
Ontario,NY,0.04,0.03
Orleans,NY,-0.01,0.11
Seneca,NY,0.14,0.02
Wayne,NY,0.11,0.1
Wyoming,NY,0.73,0.12
Yates,NY,0.16,0
Chemung,NY,-0.23,0.07
Schuyler,NY,0.17,-0.1
Steuben,NY,0.17,0.05
Tompkins,NY,0.14,-0.15
Allegany,NY,0.43,0.14
Cattaraugus,NY,0.08,0.17
Jefferson,NY,0.29,0.11
Lewis,NY,0.79,0.23
St Lawrence,NY,0.05,0.01
Clinton,NY,0.24,0
Essex,NY,0.26,0
Franklin,NY,0,0.08
Fulton,NY,0.07,-0.04
Hamilton,NY,0.36,0.12
Montgomery,NY,0.29,0.02
Albany,NY,-0.03,-0.06
Columbia,NY,-0.13,-0.05
Greene,NY,0.09,-0.02
Rensselaer,NY,0.15,-0.1
Saratoga,NY,0.32,-0.03
Schenectady,NY,-0.21,-0.01
Schoharie,NY,0.1,-0.01
Warren,NY,0.05,0
Washington,NY,0.09,0.08
Dutchess,NY,-0.02,0.12
Orange,NY,-0.36,-0.04
Sullivan,NY,0.06,0.08
Ulster,NY,-0.17,-0.05
Bronx,NY,-0.54,-0.42
Kings,NY,-0.22,0.01
Nassau,NY,-0.04,0.07
New York,NY,-0.54,-0.57
Putnam,NY,0.67,0.23
Queens,NY,-0.03,-0.02
Richmond,NY,-0.35,0
Suffolk,NY,-0.01,-0.08
Westchester,NY,0.01,0.34
Rockland,NY,-0.09,0.05
Davie,NC,0.12,0.07
Forsyth,NC,-1.1,-0.4
Stokes,NC,0.11,0.06
Surry,NC,0.05,0.19
Yadkin,NC,0.13,0.21
Alamance,NC,-0.46,-0.11
Caswell,NC,-0.42,0.11
Davidson,NC,-0.46,-0.02
Guilford,NC,-0.78,-0.21
Randolph,NC,-0.04,0.19
Rockingham,NC,-0.59,-0.1
Ashe,NC,-0.24,0.05
Wilkes,NC,-0.14,0.09
Alleghany,NC,0.13,0.14
Polk,NC,-0.11,-0.12
Cleveland,NC,-0.54,0.06
Gaston,NC,-0.67,-0.05
Lincoln,NC,-0.28,0.02
Rutherford,NC,-0.38,-0.05
Anson,NC,-0.76,0.08
Cabarrus,NC,-0.31,-0.07
Mecklenburg,NC,-0.72,-0.19
Rowan,NC,-0.61,-0.05
Stanly,NC,0.11,0.13
Union,NC,-0.37,0
Avery,NC,0.03,-0.07
Watauga,NC,0.11,-0.14
Burke,NC,-0.36,-0.04
McDowell,NC,-0.24,0.2
Mitchell,NC,-0.04,0.2
Yancey,NC,0.16,0.04
Alexander,NC,0,0.03
Caldwell,NC,-0.31,-0.02
Catawba,NC,-0.27,-0.07
Iredell,NC,-0.49,-0.01
Macon,NC,0.09,0.03
Graham,NC,0.51,0.25
Jackson,NC,0.04,-0.09
Swain,NC,0.01,0.14
Buncombe,NC,-0.56,0.01
Haywood,NC,0.02,0.02
Henderson,NC,-0.08,-0.04
Madison,NC,0.1,0.13
Transylvania,NC,-0.32,-0.04
Cherokee,NC,-0.06,0.07
Clay,NC,0.31,0.03
Cumberland,NC,-0.64,-0.33
Hoke,NC,-0.78,-0.27
Montgomery,NC,-0.31,0.19
Moore,NC,-0.45,-0.16
Richmond,NC,-0.59,0.06
Robeson,NC,-0.81,-0.22
Scotland,NC,-0.84,-0.2
Bladen,NC,-0.52,0.12
Brunswick,NC,-0.72,-0.29
Columbus,NC,-0.53,-0.13
New Hanover,NC,-0.66,-0.27
Pender,NC,-0.26,0.02
Edgecombe,NC,-0.58,-0.04
Nash,NC,-0.3,-0.03
Wilson,NC,-0.64,-0.01
Chatham,NC,-0.23,-0.05
Durham,NC,-0.61,-0.41
Franklin,NC,-0.58,-0.15
Granville,NC,-0.41,0.05
Harnett,NC,-0.43,0.04
Johnston,NC,-0.29,0.21
Lee,NC,-0.41,-0.07
Orange,NC,-0.54,-0.46
Person,NC,-0.38,0.07
Wake,NC,-0.54,-0.19
Vance,NC,-0.76,-0.03
Warren,NC,-0.52,0.13
Duplin,NC,-0.04,0.18
Sampson,NC,-0.31,0.07
Wayne,NC,-0.54,-0.02
Carteret,NC,-0.23,-0.06
Craven,NC,-0.3,-0.13
Greene,NC,-0.46,0.15
Jones,NC,-0.25,-0.02
Lenoir,NC,-0.42,0.12
Onslow,NC,-0.11,-0.12
Pamlico,NC,-0.12,0
Pitt,NC,-0.56,-0.15
Camden,NC,0.08,0.1
Chowan,NC,-0.57,0.04
Currituck,NC,0.04,-0.03
Gates,NC,-0.09,0.09
Pasquotank,NC,-0.51,-0.09
Perquimans,NC,-0.38,0.24
Beaufort,NC,-0.4,0.06
Dare,NC,-0.31,-0.26
Hyde,NC,-0.36,0.17
Martin,NC,-0.5,0.06
Washington,NC,-0.57,-0.19
Bertie,NC,-0.36,0.14
Halifax,NC,-0.52,-0.03
Hertford,NC,-0.56,-0.1
Northampton,NC,-0.58,0.01
Burleigh,ND,0.87,0.18
McLean,ND,0.97,0.37
Mercer,ND,1.43,0.46
Morton,ND,1.29,0.32
Emmons,ND,1.82,0.48
Benson,ND,-0.6,0.37
Nelson,ND,1.31,0.56
Ramsey,ND,0.7,0.33
Foster,ND,1.7,0.54
Rolette,ND,-0.77,-0.23
Bottineau,ND,1.55,0.48
McHenry,ND,1.55,0.47
Ward,ND,0.96,0.37
Pierce,ND,1.02,0.59
Wells,ND,1.44,0.57
Bowman,ND,1.87,0.68
Stark,ND,1.58,0.46
McKenzie,ND,1.23,0.7
Mountrail,ND,0.39,0.44
Williams,ND,1.57,0.48
Sioux,ND,-1.22,-0.7
Cavalier,ND,1.62,0.6
Pembina,ND,1,0.32
Walsh,ND,1.04,0.42
Grand Forks,ND,0.69,0.15
Traill,ND,1.3,0.39
Cass,ND,0.63,0.05
Richland,ND,1.41,0.4
Dickey,ND,1.3,0.43
Ransom,ND,1.48,0.31
Sargent,ND,0.81,0.72
Barnes,ND,1.24,0.39
Lamoure,ND,1.92,0.6
Stutsman,ND,0.91,0.34
Champaign,OH,0.25,0.09
Clark,OH,-0.31,0.08
Darke,OH,0.54,0.34
Greene,OH,-0.24,-0.1
Logan,OH,0.2,0.11
Miami,OH,0.2,0.07
Montgomery,OH,-0.45,-0.03
Preble,OH,0.26,0.15
Shelby,OH,0.49,0.27
Clinton,OH,0.08,-0.03
Fayette,OH,-0.24,0.12
Highland,OH,0.06,0.06
Adams,OH,0.07,0.33
Brown,OH,0.02,0.22
Butler,OH,0.06,0.15
Clermont,OH,-0.08,0.2
Hamilton,OH,-0.4,0.32
Warren,OH,0.52,0.17
Hancock,OH,0.3,0.13
Hardin,OH,0.12,0.16
Sandusky,OH,0.27,0.13
Seneca,OH,0.44,0.22
Wyandot,OH,0.75,0.39
Allen,OH,-0.1,0.23
Auglaize,OH,0.79,0.34
Mercer,OH,1.02,0.6
Putnam,OH,1.09,0.56
Van Wert,OH,0.3,0.32
Fulton,OH,0.62,0.1
Henry,OH,0.58,0.43
Lucas,OH,-0.56,-0.04
Ottawa,OH,0.2,0.08
Wood,OH,0.13,0.1
Defiance,OH,0.43,0.15
Paulding,OH,0.54,0.29
Williams,OH,0.43,0.21
Carroll,OH,0.44,0.19
Coshocton,OH,-0.19,0.11
Harrison,OH,0.24,0.23
Holmes,OH,0.81,0.25
Stark,OH,-0.26,0.14
Tuscarawas,OH,0.47,0.13
Wayne,OH,0.36,0.15
Erie,OH,-0.29,0.02
Huron,OH,0.32,0.12
Lorain,OH,-0.24,-0.14
Ashtabula,OH,-0.07,-0.02
Cuyahoga,OH,-0.29,0.08
Geauga,OH,0.45,0.26
Lake,OH,0.23,-0.16
Medina,OH,0.6,-0.01
Portage,OH,0.16,0.06
Summit,OH,-0.3,-0.05
Washington,OH,0.15,0.13
Guernsey,OH,0.04,0.21
Morgan,OH,0.27,0.21
Muskingum,OH,-0.14,0.17
Noble,OH,0.7,0.46
Perry,OH,0.2,0.23
Jefferson,OH,-0.13,0.12
Belmont,OH,0.27,0.22
Monroe,OH,0.76,0.38
Jackson,OH,-0.2,0.1
Pike,OH,-0.2,0.1
Ross,OH,-0.36,0.03
Scioto,OH,-0.24,0.03
Vinton,OH,-0.01,-0.16
Athens,OH,-0.44,-0.22
Gallia,OH,-0.06,0.02
Meigs,OH,0.24,0.12
Delaware,OH,0.06,0.29
Fairfield,OH,0.34,0.22
Franklin,OH,-0.43,0.24
Hocking,OH,0.03,0.05
Knox,OH,0.45,0.15
Licking,OH,0.09,0.04
Madison,OH,0.33,0.04
Pickaway,OH,-0.15,0.33
Union,OH,0.33,0.13
Ashland,OH,0.39,0.2
Crawford,OH,-0.05,0.28
Marion,OH,-0.12,0.13
Morrow,OH,0.21,0.24
Richland,OH,-0.15,0.14
Columbiana,OH,0.17,0.21
Mahoning,OH,-0.5,0.06
Trumbull,OH,-0.46,-0.04
Lawrence,OH,0,0.1
Nowata,OK,0.49,0.26
Washington,OK,0.21,0.06
Ottawa,OK,0.18,0.29
Haskell,OK,0.66,0.16
Latimer,OK,0.58,0.46
Le Flore,OK,0.56,0.37
Pittsburg,OK,0.33,0.23
Sequoyah,OK,0.3,0.29
Adair,OK,-0.12,-0.06
Cherokee,OK,0.03,-0.02
McIntosh,OK,0.37,0.24
Muskogee,OK,-0.13,0.11
Delaware,OK,0.28,0.34
Noble,OK,0.32,0.26
Payne,OK,0.54,0.01
Craig,OK,0.53,0.3
Creek,OK,0.4,0.22
Kay,OK,0.16,0.16
Mayes,OK,0.43,0.21
Osage,OK,0.27,0.07
Pawnee,OK,0.54,0.15
Rogers,OK,0.54,0.21
Tulsa,OK,0.1,0.07
Wagoner,OK,0.09,0.27
Okfuskee,OK,0.33,0.4
Okmulgee,OK,0.3,0.18
Woodward,OK,0.87,0.38
Alfalfa,OK,1.01,0.73
Blaine,OK,0.39,0.39
Dewey,OK,1.45,0.53
Garfield,OK,0.41,0.26
Grant,OK,0.8,0.39
Major,OK,1.53,0.34
Woods,OK,1,0.31
Beaver,OK,1.24,0.57
Texas,OK,0.85,0.25
Comanche,OK,0.02,0.02
Cotton,OK,0.64,0.11
Jefferson,OK,0.87,0.11
Stephens,OK,0.61,0.42
Jackson,OK,0.34,0.1
Kiowa,OK,0.59,0.53
Tillman,OK,0.32,0.34
Carter,OK,0.22,0.23
Garvin,OK,0.71,0.31
Johnston,OK,0.6,0.34
Love,OK,0.51,0.61
Marshall,OK,0.47,0.34
Murray,OK,0.55,0.53
Beckham,OK,1.11,0.63
Custer,OK,0.76,0.34
Washita,OK,1.2,0.4
Caddo,OK,0.28,0.36
Grady,OK,0.39,0.34
Canadian,OK,0.62,0.25
Cleveland,OK,0.2,0.03
Kingfisher,OK,1.04,0.56
Lincoln,OK,0.66,0.37
Logan,OK,0.56,0.16
McClain,OK,0.72,0.35
Oklahoma,OK,-0.34,0.17
Pottawatomie,OK,0.17,0.24
Seminole,OK,0.08,0.21
Atoka,OK,0.62,0.32
Coal,OK,0.94,0.81
Hughes,OK,0.39,0.37
Pontotoc,OK,0.39,0.24
Bryan,OK,0.18,0.25
Choctaw,OK,0.09,0
McCurtain,OK,0.08,0.21
Pushmataha,OK,0.55,0.05
Malheur,OR,0.18,0.01
Klamath,OR,0.05,0.08
Harney,OR,0.55,0.14
Lake,OR,0.37,0.28
Jackson,OR,-0.2,-0.06
Josephine,OR,0.02,-0.08
Curry,OR,0.01,-0.11
Coos,OR,0.05,-0.12
Douglas,OR,-0.14,-0.08
Clatsop,OR,0.16,-0.14
Clackamas,OR,0.14,-0.14
Columbia,OR,0.37,0
Multnomah,OR,-0.1,-0.07
Washington,OR,0.4,0.08
Hood River,OR,0.37,-0.18
Wasco,OR,0.05,-0.1
Benton,OR,-0.1,-0.33
Lane,OR,-0.07,-0.05
Linn,OR,-0.04,-0.01
Marion,OR,0.03,0.02
Polk,OR,-0.03,-0.02
Yamhill,OR,-0.03,-0.03
Lincoln,OR,-0.28,-0.19
Tillamook,OR,0.13,0.03
Morrow,OR,0.35,0.22
Umatilla,OR,0.19,0.18
Baker,OR,0.61,0.09
Union,OR,0.49,0
Wallowa,OR,0.6,-0.06
Crook,OR,0.28,0.14
Deschutes,OR,0.18,-0.28
Jefferson,OR,-0.69,-0.14
Grant,OR,0.62,0.08
Centre,PA,0.35,0.01
Clearfield,PA,0.38,0.19
Huntingdon,PA,0.51,0.27
Jefferson,PA,0.52,0.26
Bedford,PA,0.67,0.38
Blair,PA,0.09,0.09
Cambria,PA,0.65,0.24
Somerset,PA,0.67,0.35
Allegheny,PA,-0.21,0.19
Armstrong,PA,0.39,0.37
Beaver,PA,0.05,0.13
Butler,PA,0.49,0.13
Fayette,PA,-0.1,0.13
Greene,PA,0.44,0.26
Indiana,PA,0.65,0.29
Washington,PA,0.52,0.29
Westmoreland,PA,0.36,0.22
Lawrence,PA,0.12,0.11
Mercer,PA,0.07,0.15
Clarion,PA,0.66,0.33
Crawford,PA,0.33,0.11
Erie,PA,-0.08,0.1
Forest,PA,0.96,0.09
Venango,PA,0.12,0.06
Warren,PA,0.37,0.1
Franklin,PA,0.57,0.32
Fulton,PA,0.77,0.48
Susquehanna,PA,0.41,0.14
Tioga,PA,0.5,0.2
McKean,PA,0.08,0.21
Potter,PA,0.59,0.17
Cameron,PA,0.05,-0.02
Elk,PA,0.6,0.27
Montour,PA,0.31,-0.03
Northumberland,PA,0.42,0.16
Snyder,PA,0.7,0.28
Union,PA,0.71,0.11
Columbia,PA,0.56,0.18
Lackawanna,PA,0.06,0
Luzerne,PA,0.19,0.04
Monroe,PA,0.23,-0.08
Pike,PA,0.29,-0.04
Wayne,PA,0.6,0.1
Wyoming,PA,0.51,0.23
Bradford,PA,0.44,0.23
Clinton,PA,0.3,0.03
Lycoming,PA,0.16,0.11
Sullivan,PA,1.09,0.21
Carbon,PA,0.4,0.28
Lehigh,PA,0.08,0.1
Northampton,PA,0.35,0.13
Berks,PA,0.37,0.09
Lancaster,PA,0.36,0.14
Lebanon,PA,0.65,0.32
Schuylkill,PA,0.53,0.33
Adams,PA,0.54,0.39
Cumberland,PA,0.7,0.13
Dauphin,PA,-0.3,0.07
Juniata,PA,0.78,0.44
Mifflin,PA,0.27,0.3
Perry,PA,0.75,0.36
York,PA,0.29,0.24
Bucks,PA,0.62,-0.05
Chester,PA,0.48,0.32
Delaware,PA,0.08,-0.01
Montgomery,PA,0.49,0.15
Philadelphia,PA,-0.12,0.04
Bristol,RI,0.35,-0.05
Kent,RI,0.15,-0.02
Newport,RI,0.13,-0.06
Providence,RI,0.15,-0.09
Washington,RI,0.15,-0.08
Cherokee,SC,-0.54,-0.08
Spartanburg,SC,-0.36,0.08
Union,SC,-0.61,-0.02
Chester,SC,-0.56,-0.08
Lancaster,SC,-0.58,0.03
York,SC,-0.27,-0.26
Chesterfield,SC,-0.48,0.08
Marlboro,SC,-0.75,-0.22
Darlington,SC,-0.52,-0.11
Dillon,SC,-0.58,0.05
Florence,SC,-0.43,-0.18
Georgetown,SC,-0.68,-0.17
Horry,SC,-0.63,-0.17
Marion,SC,-0.62,-0.06
Williamsburg,SC,-0.53,-0.06
Clarendon,SC,-0.47,0.13
Kershaw,SC,-0.29,-0.08
Lee,SC,-0.69,-0.02
Sumter,SC,-0.54,-0.18
Calhoun,SC,-0.57,-0.11
Fairfield,SC,-0.77,-0.13
Lexington,SC,-0.23,-0.02
Newberry,SC,-0.41,-0.01
Orangeburg,SC,-0.5,-0.07
Richland,SC,-0.75,-0.32
Saluda,SC,-0.35,0.04
Allendale,SC,-0.88,-0.16
Bamberg,SC,-0.61,-0.1
Barnwell,SC,-0.47,0.02
Hampton,SC,-0.46,-0.04
Berkeley,SC,-0.29,-0.23
Charleston,SC,-0.48,-0.26
Colleton,SC,-0.36,0.01
Dorchester,SC,-0.08,-0.12
Abbeville,SC,-0.28,0.05
Anderson,SC,-0.17,-0.12
Greenville,SC,-0.73,-0.25
Greenwood,SC,-0.46,-0.08
Laurens,SC,-0.44,0.01
McCormick,SC,-0.73,-0.24
Oconee,SC,-0.31,-0.04
Pickens,SC,-0.31,-0.12
Aiken,SC,-0.52,-0.1
Edgefield,SC,-0.72,-0.04
Beaufort,SC,-0.48,-0.22
Jasper,SC,-0.54,-0.15
Brookings,SD,0.87,0.18
Kingsbury,SD,1.46,0.67
Moody,SD,0.86,0.28
Lake,SD,1.11,0.32
Clay,SD,0.75,0.13
Lincoln,SD,1.29,0.19
McCook,SD,1.79,0.43
Minnehaha,SD,0.71,-0.08
Turner,SD,1.45,0.51
Clark,SD,1.57,0.74
Codington,SD,0.87,0.28
Deuel,SD,1.51,0.4
Hamlin,SD,1.45,0.68
Grant,SD,1.01,0.34
Day,SD,0.84,0.46
Marshall,SD,1.53,0.51
Roberts,SD,-0.03,0.41
Walworth,SD,1,0.34
Brown,SD,0.86,0.23
Edmunds,SD,1.48,0.43
Spink,SD,1.62,0.57
Gregory,SD,1.09,0.23
Tripp,SD,0.87,0.55
Bon Homme,SD,1.33,0.4
Yankton,SD,0.97,0.1
Davison,SD,0.97,0.28
Beadle,SD,0.86,0.22
Charles Mix,SD,0.1,0.45
Douglas,SD,1.89,0.59
Hutchinson,SD,1.66,0.24
Brule,SD,0.81,0.29
Lyman,SD,-0.4,-0.06
Hughes,SD,0.5,0.17
Butte,SD,0.81,0.46
Custer,SD,0.54,0.39
Fall River,SD,0.29,0.21
Lawrence,SD,0.76,0.05
Meade,SD,0.85,0.13
Pennington,SD,0.25,-0.01
Dewey,SD,-0.9,-0.22
Todd,SD,-1.69,-0.61
Shannon,SD,-1.85,-1.21
Union,SD,1.12,0.14
Carter,TN,-0.19,0.01
Greene,TN,-0.24,0.03
Hawkins,TN,-0.15,0.15
Sullivan,TN,-0.31,-0.07
Unicoi,TN,0.2,0.22
Washington,TN,-0.31,-0.16
Cocke,TN,-0.22,0.05
Grainger,TN,0.08,0.37
Hamblen,TN,-0.18,-0.08
Jefferson,TN,0.06,-0.01
Sevier,TN,-0.16,0.04
Claiborne,TN,-0.07,0.02
Hancock,TN,0.16,-0.2
Anderson,TN,-0.14,-0.14
Blount,TN,-0.12,-0.01
Campbell,TN,-0.11,-0.04
Knox,TN,-0.37,-0.1
Loudon,TN,0.07,-0.1
Morgan,TN,0.14,0.25
Roane,TN,-0.18,-0.01
Union,TN,0.26,0.05
Johnson,TN,-0.15,0.09
Scott,TN,0.01,0.05
Chester,TN,0.12,0.14
Crockett,TN,-0.19,0.01
Gibson,TN,-0.47,0.1
Hardeman,TN,-0.42,0.1
Madison,TN,-0.76,-0.07
Dyer,TN,-0.19,0.05
Haywood,TN,-0.72,0.07
Lake,TN,-0.58,0.03
Lauderdale,TN,-0.67,0.13
Decatur,TN,0.35,0.21
Henderson,TN,0.07,0.11
Perry,TN,0.29,0.09
Hardin,TN,0.01,0.14
McNairy,TN,0.11,0.15
Fayette,TN,-0.57,-0.03
Shelby,TN,-0.66,0.06
Tipton,TN,-0.57,0.07
Clay,TN,0.04,0.35
Giles,TN,0.01,0.1
Hickman,TN,-0.05,0.1
Lewis,TN,-0.03,-0.12
Marshall,TN,0.1,-0.03
Maury,TN,-0.31,-0.07
Cannon,TN,0.5,0.19
Cheatham,TN,0.03,0.08
Davidson,TN,-0.44,-0.07
Macon,TN,0.25,0.23
Robertson,TN,-0.03,0.25
Rutherford,TN,0.1,0.12
Smith,TN,0.33,0.27
Sumner,TN,0.09,-0.01
Trousdale,TN,-0.13,0.22
Williamson,TN,0.22,-0.16
Wilson,TN,0.01,0.2
Bedford,TN,-0.21,0.03
Coffee,TN,-0.01,0.08
Franklin,TN,-0.03,0.02
Benton,TN,0.07,0.09
Carroll,TN,0.01,0.24
Dickson,TN,0.08,0.07
Henry,TN,-0.13,0.04
Humphreys,TN,-0.17,0.1
Houston,TN,0.02,0.32
Montgomery,TN,-0.18,-0.09
Stewart,TN,0.21,0.24
Lincoln,TN,0.33,0.22
Lawrence,TN,0.14,0.25
Wayne,TN,0.29,0.38
DeKalb,TN,0.21,0.12
Warren,TN,-0.01,0.05
White,TN,-0.27,0.1
Jackson,TN,0.1,0.03
Overton,TN,0.39,0.22
Putnam,TN,0.15,-0.08
Grundy,TN,-0.17,0.04
Hamilton,TN,-0.47,-0.09
Marion,TN,0.09,0.09
Sequatchie,TN,0.21,0.07
Bledsoe,TN,0.03,0.19
Cumberland,TN,0.21,0.09
Fentress,TN,0.02,0.34
Rhea,TN,0.07,0.15
Bradley,TN,-0.15,-0.06
McMinn,TN,0.01,0.1
Meigs,TN,0.16,0.16
Monroe,TN,-0.11,0.15
Polk,TN,0.15,0.2
Obion,TN,-0.12,0.02
Weakley,TN,-0.01,0.14
El Paso,TX,-0.04,-0.31
Gaines,TX,0.91,0.41
Terry,TX,0.07,0.25
Yoakum,TX,1.32,0.44
Crosby,TX,0.4,0.37
Hockley,TX,0.75,0.23
Lubbock,TX,-0.22,0.09
Lynn,TX,0.33,0.35
Parmer,TX,0.5,0.23
Bailey,TX,0.38,0.14
Castro,TX,0.5,0.49
Lamb,TX,0.43,0.38
Deaf Smith,TX,0.13,0.31
Potter,TX,-0.25,0.11
Randall,TX,0.48,0.2
Carson,TX,1.18,0.47
Gray,TX,0.6,0.33
Hutchinson,TX,0.61,0.32
Wheeler,TX,1.26,0.43
Floyd,TX,0.15,0.44
Hale,TX,0.27,0.15
Swisher,TX,0.26,0.38
Hansford,TX,1.14,0.72
Ochiltree,TX,1.36,0.54
Dallam,TX,0.77,0.23
Moore,TX,0.54,0.37
Calhoun,TX,0.16,0.19
Dewitt,TX,0.31,0.36
Goliad,TX,0.42,0.26
Jackson,TX,0.41,0.4
Lavaca,TX,0.71,0.46
Victoria,TX,-0.07,0.01
Colorado,TX,0.34,0.34
Fayette,TX,0.65,0.47
Gonzales,TX,0.03,0.18
Bastrop,TX,0.18,0.16
Blanco,TX,0.41,-0.01
Caldwell,TX,-0.24,0.07
Hays,TX,-0.28,-0.13
Lee,TX,0.76,0.44
Milam,TX,0.23,0.35
Travis,TX,-0.46,-0.33
Williamson,TX,0.06,-0.1
Burnet,TX,0.16,0.12
Llano,TX,0.26,0.31
Atascosa,TX,0.24,0.26
Bandera,TX,0.22,-0.14
Bexar,TX,-0.48,-0.19
Comal,TX,0.18,-0.03
Guadalupe,TX,-0.12,-0.01
Kendall,TX,0.33,-0.1
Live Oak,TX,0.64,0.07
Medina,TX,0.13,0.23
Wilson,TX,0.14,0.21
Bee,TX,0.26,0.14
Karnes,TX,0.29,0.45
Gillespie,TX,0.59,0.17
Kerr,TX,-0.01,0.05
Andrews,TX,1.31,0.43
Crane,TX,1.53,0.42
Ector,TX,0.8,0.37
Martin,TX,1.07,0.56
Midland,TX,0.74,0.2
Reeves,TX,0.97,0.19
Ward,TX,0.91,0.3
Winkler,TX,1.28,0.55
Crockett,TX,0.92,0.39
Pecos,TX,1.05,0.38
Brewster,TX,0.18,0.07
Presidio,TX,0.74,-0.15
Dimmit,TX,0.18,0.1
Zavala,TX,-0.08,-0.27
Frio,TX,0.16,0.02
La Salle,TX,0.26,0.06
Jim Hogg,TX,0.1,-0.04
Webb,TX,-0.02,-0.28
Zapata,TX,0.54,0.29
Cameron,TX,0.29,-0.35
Hidalgo,TX,-0.05,-0.18
Starr,TX,0.4,-0.02
Willacy,TX,0.01,-0.19
Aransas,TX,0.22,0.05
Brooks,TX,0.26,0.1
Duval,TX,0.61,0.23
Jim Wells,TX,0.39,-0.04
Kleberg,TX,0.02,-0.14
Nueces,TX,0.08,0.08
Refugio,TX,0.24,-0.01
San Patricio,TX,0.28,0.15
Brazos,TX,-0.42,0
Burleson,TX,0.1,0.33
Grimes,TX,-0.01,0.22
Robertson,TX,0.01,0.27
Brazoria,TX,0.23,0.08
Matagorda,TX,0.44,0.07
Wharton,TX,0.15,0.3
Austin,TX,0.43,0.31
Chambers,TX,0.22,0.17
Fort Bend,TX,0.22,-0.01
Galveston,TX,-0.42,-0.13
Harris,TX,0.03,0.15
Liberty,TX,0.17,0.24
Montgomery,TX,-0.07,-0.19
San Jacinto,TX,0.16,0.15
Waller,TX,0,0.3
Washington,TX,-0.1,0.32
Hardin,TX,0.51,0.26
Jasper,TX,0.23,0.22
Jefferson,TX,0,0.12
Newton,TX,0.21,0.25
Orange,TX,0.36,0.17
Polk,TX,0.2,0.16
Tyler,TX,0.3,0.35
Angelina,TX,-0.02,0.1
Houston,TX,-0.21,0.15
Madison,TX,-0.19,0.3
Trinity,TX,0.05,0.37
Walker,TX,-0.17,0.09
Nacogdoches,TX,-0.02,0.08
Sabine,TX,0.54,0.26
San Augustine,TX,-0.13,0.27
Shelby,TX,0.39,0.51
Tom Green,TX,-0.17,-0.07
McCulloch,TX,0.25,0.45
Runnels,TX,0.51,0.47
Uvalde,TX,0,0.16
Val Verde,TX,0.25,-0.09
Maverick,TX,0.19,-0.19
Dawson,TX,0.24,0.39
Howard,TX,0.4,0.34
Reagan,TX,1.54,0.65
Nolan,TX,0.4,0.35
Mitchell,TX,0.99,0.35
Scurry,TX,0.88,0.32
Callahan,TX,0.72,0.32
Eastland,TX,0.63,0.24
Jones,TX,0.82,0.35
Stephens,TX,0.49,0.22
Taylor,TX,0.37,0.35
Childress,TX,0.44,0.44
Haskell,TX,0.73,0.29
Archer,TX,1.27,0.58
Clay,TX,0.52,0.15
Wichita,TX,0.11,0.07
Jack,TX,1.47,0.51
Young,TX,0.79,0.44
Hardeman,TX,0.38,0.11
Wilbarger,TX,0.19,0.25
Brown,TX,0.17,0.12
Coleman,TX,0.25,0.18
San Saba,TX,0.32,0.15
Comanche,TX,0.57,0.45
Erath,TX,0.62,0.24
Hamilton,TX,0.63,0.4
Bosque,TX,0.51,0.32
Falls,TX,-0.16,0.21
Hill,TX,0.55,0.37
McLennan,TX,-0.29,0
Freestone,TX,0.43,0.49
Leon,TX,0.42,0.39
Limestone,TX,0.22,0.18
Navarro,TX,-0.08,0.19
Bell,TX,-0.22,-0.03
Coryell,TX,0.11,0.07
Lampasas,TX,0.43,0.1
Hood,TX,0.46,0.17
Johnson,TX,0.77,0.22
Montague,TX,1.09,0.57
Palo Pinto,TX,0.44,0.34
Parker,TX,0.55,0.18
Somervell,TX,0.74,0.42
Tarrant,TX,0.02,0.03
Wise,TX,0.67,0.23
Collin,TX,0.22,-0.23
Cooke,TX,0.81,0.54
Dallas,TX,-0.24,0.09
Denton,TX,0.29,-0.15
Ellis,TX,0.29,0.23
Kaufman,TX,-0.03,0.23
Rockwall,TX,0.51,0.01
Hopkins,TX,0.38,0.29
Hunt,TX,-0.06,0.13
Lamar,TX,-0.16,0.19
Rains,TX,0.39,0.18
Red River,TX,-0.06,0.45
Anderson,TX,0.08,0.18
Cherokee,TX,0.23,0.38
Henderson,TX,0.13,0.1
Smith,TX,0.2,0.13
Van Zandt,TX,0.55,0.15
Wood,TX,0.62,0.21
Gregg,TX,-0.05,0.1
Harrison,TX,0.15,0.29
Marion,TX,0.1,0.41
Panola,TX,0.52,0.47
Rusk,TX,0.33,0.41
Upshur,TX,0.56,0.21
Bowie,TX,-0.15,0.12
Camp,TX,0.21,0.26
Cass,TX,0.33,0.24
Franklin,TX,0.11,0.41
Morris,TX,0.05,0.16
Titus,TX,0.18,0.09
Fannin,TX,0.39,0.25
Grayson,TX,0.09,0.06
Kane,UT,0.99,0.14
San Juan,UT,0.75,0.17
Beaver,UT,1.32,0.22
Iron,UT,0.44,0.11
Washington,UT,0.48,0.07
Carbon,UT,0.73,0.18
Emery,UT,1.28,0.39
Sanpete,UT,0.84,0.3
Grand,UT,0.88,0.19
Garfield,UT,0.98,0.4
Sevier,UT,0.86,0.26
Juab,UT,1.02,0.31
Millard,UT,1.02,0.33
Utah,UT,0.77,0.12
Davis,UT,0.72,0.21
Morgan,UT,1.52,0.39
Salt Lake,UT,0.31,0.03
Summit,UT,1.28,0.05
Tooele,UT,0.68,0.16
Wasatch,UT,0.91,0.21
Weber,UT,0.52,0.32
Box Elder,UT,1.01,0.2
Cache,UT,0.75,0.05
Duchesne,UT,1.66,0.59
Uintah,UT,1.24,0.72
Addison,VT,0.36,-0.11
Chittenden,VT,-0.1,-0.17
Franklin,VT,0.32,0.08
Grand Isle,VT,0.16,0.03
Lamoille,VT,0.04,-0.03
Rutland,VT,0.26,0.04
Caledonia,VT,0.22,0
Essex,VT,0.34,0.18
Orleans,VT,0.25,0.15
Orange,VT,0.38,0.1
Washington,VT,0.35,-0.08
Windsor,VT,0.35,-0.03
Windham,VT,0.26,-0.2
Bennington,VT,0,-0.08
Scott,VA,0.39,0.32
Smyth,VA,-0.11,0.11
Washington,VA,0.03,-0.19
Bristol City,VA,-0.19,-0.04
Henry,VA,-0.12,0.23
Patrick,VA,0.17,0.42
Martinsville City,VA,-0.67,-0.01
Pittsylvania,VA,-0.04,0.22
Danville City,VA,-0.64,-0.03
Carroll,VA,0.09,0.29
Grayson,VA,0.31,0.24
Galax City,VA,0.17,0.19
Chesapeake City,VA,-0.18,0.16
Norfolk City,VA,-0.65,0.07
Portsmouth City,VA,-0.75,-0.14
Suffolk City,VA,-0.53,0.04
Virginia Beach City,VA,-0.01,-0.09
Brunswick,VA,-0.33,0.15
Charlotte,VA,0.12,0.18
Cumberland,VA,-0.23,-0.03
Halifax,VA,-0.41,0.15
Lunenburg,VA,-0.37,0.42
Mecklenburg,VA,-0.37,0.26
Nottoway,VA,-0.27,0.19
Prince Edward,VA,-0.34,0.16
Amherst,VA,0.14,0.17
Appomattox,VA,-0.42,0.36
Bedford,VA,0.17,0.26
Campbell,VA,-0.03,0.13
Bedford City,VA,-0.23,0.28
Lynchburg City,VA,-0.54,0.03
Amelia,VA,0.08,0.24
Chesterfield,VA,0.33,0.01
Dinwiddie,VA,-0.18,0.27
Goochland,VA,-0.04,0.21
Hanover,VA,0.43,0.19
Henrico,VA,-0.13,0.08
King And Queen,VA,0.14,0.31
King William,VA,0.1,0.08
New Kent,VA,0.55,-0.02
Powhatan,VA,0.29,0.03
Prince George,VA,0.44,0.21
Sussex,VA,-0.27,0.08
Colonial Heights City,VA,0.38,0.29
Hopewell City,VA,-0.38,0.08
Petersburg City,VA,-0.76,-0.15
Richmond City,VA,-0.92,-0.37
Gloucester,VA,0.04,-0.1
Isle Of Wight,VA,0.04,0.12
James City,VA,-0.16,0.06
Mathews,VA,0.02,0.16
Middlesex,VA,0.03,0.08
Southampton,VA,-0.27,0.29
Surry,VA,0.06,0.29
York,VA,0.13,0.07
Franklin City,VA,-0.6,-0.05
Hampton City,VA,-0.23,-0.17
Newport News City,VA,-0.46,-0.11
Poquoson City,VA,0.95,0.14
Emporia City,VA,-0.61,0.3
Bland,VA,0.4,0.2
Buchanan,VA,0.76,0.34
Russell,VA,0.68,0.31
Tazewell,VA,0.37,0.18
Wythe,VA,0.12,0.22
Dickenson,VA,0.89,0.45
Lee,VA,0.05,0.15
Wise,VA,0.17,0.18
Norton City,VA,0.28,-0.19
Caroline,VA,-0.41,0.02
King George,VA,-0.11,0.1
Spotsylvania,VA,0.19,0.02
Stafford,VA,0.48,0.37
Fredericksburg City,VA,0.05,-0.31
Essex,VA,-0.24,0.04
Lancaster,VA,-0.27,-0.13
Northumberland,VA,-0.38,0.18
Richmond,VA,-0.03,0.16
Westmoreland,VA,-0.29,0.03
Arlington,VA,0.57,0.14
Fairfax,VA,0.75,0.55
Fauquier,VA,0.35,0.18
Loudoun,VA,0.62,0.32
Prince William,VA,0.11,0.07
Rappahannock,VA,0.78,0.14
Warren,VA,0.39,0.12
Alexandria City,VA,0.25,-0.06
Fairfax City,VA,1.06,0.35
Falls Church City,VA,0.69,-0.16
Manassas City,VA,0.23,0.17
Manassas Park City,VA,0.77,0.28
Botetourt,VA,0.46,0.12
Floyd,VA,0.48,0.46
Franklin,VA,0.1,0.08
Giles,VA,0.18,0.13
Montgomery,VA,0.2,-0.12
Pulaski,VA,-0.4,0.05
Roanoke,VA,0.46,0.18
Radford City,VA,-0.43,-0.09
Roanoke City,VA,-0.89,-0.04
Salem City,VA,0.21,0.16
Page,VA,0.27,0.26
Rockingham,VA,0.47,0.11
Shenandoah,VA,0.52,0.2
Harrisonburg City,VA,0.43,-0.05
Augusta,VA,0.37,0.27
Bath,VA,0.34,0.33
Nelson,VA,0.08,0.08
Rockbridge,VA,0.28,0.07
Buena Vista City,VA,0.05,0.25
Clifton Forge City,VA,0.16,0.34
Covington City,VA,0.19,0.19
Lexington City,VA,0.2,0.04
Staunton City,VA,-0.19,0.02
Waynesboro City,VA,-0.01,0.07
Clarke,VA,0.53,0.09
Frederick,VA,0.33,0.13
Winchester City,VA,0.05,-0.04
Albemarle,VA,0.07,-0.21
Buckingham,VA,-0.37,0.4
Culpeper,VA,-0.17,0.05
Fluvanna,VA,-0.05,-0.04
Greene,VA,-0.16,0.05
Louisa,VA,-0.11,0.13
Madison,VA,0.31,0.21
Orange,VA,0.23,0.07
Charlottesville City,VA,-0.61,-0.41
Accomack,VA,-0.38,0.07
Northampton,VA,-0.67,-0.09
Asotin,WA,0.17,0.13
Whitman,WA,0.85,0.07
Adams,WA,0.75,0.32
Grant,WA,0.43,0.1
Chelan,WA,0.31,-0.11
Douglas,WA,0.32,0.08
Lincoln,WA,0.56,0.34
Pend Oreille,WA,0.26,0.26
Spokane,WA,0.16,0.05
Ferry,WA,-0.06,0.02
Okanogan,WA,0.07,-0.05
Stevens,WA,0.25,0.04
Cowlitz,WA,-0.02,-0.03
Grays Harbor,WA,-0.03,0.04
Pacific,WA,0.15,0.21
Clark,WA,0.17,-0.13
Skamania,WA,-0.17,0.06
Klickitat,WA,0.2,0.08
Kittitas,WA,0.27,0.15
Yakima,WA,0.14,0.03
Benton,WA,0.26,-0.17
Franklin,WA,0.39,-0.03
Walla Walla,WA,0.25,-0.07
San Juan,WA,0.02,-0.36
Whatcom,WA,0.29,0.1
Clallam,WA,0.15,-0.03
Jefferson,WA,0.12,-0.19
Island,WA,0.3,-0.22
King,WA,0.47,0.16
Kitsap,WA,0.37,-0.05
Lewis,WA,0.35,0.12
Mason,WA,0.21,0
Pierce,WA,0.1,-0.05
Skagit,WA,0.23,-0.02
Snohomish,WA,0.7,0.12
Thurston,WA,0.13,-0.2
Mercer,WV,-0.17,-0.03
McDowell,WV,0.13,-0.03
Wyoming,WV,0.74,0.27
Jackson,WV,0.03,0.22
Pleasants,WV,0.82,0.16
Ritchie,WV,0.08,0.4
Wirt,WV,0.14,0.28
Wood,WV,-0.18,-0.1
Brooke,WV,0,0.15
Hancock,WV,-0.15,-0.03
Marshall,WV,0.3,0.08
Ohio,WV,-0.1,-0.03
Tyler,WV,0.32,0.15
Wetzel,WV,0.12,0.14
Mason,WV,0.15,0.06
Monroe,WV,0.42,0.19
Barbour,WV,0.46,0.17
Pocahontas,WV,0.08,-0.01
Randolph,WV,0.06,0.07
Tucker,WV,0.59,0.11
Doddridge,WV,0.18,0.18
Harrison,WV,-0.06,0.05
Marion,WV,0.05,0.11
Monongalia,WV,0.05,-0.12
Preston,WV,0.59,0.38
Taylor,WV,0.27,0.25
Lewis,WV,0.4,0.22
Upshur,WV,0.44,0.17
Fayette,WV,0.12,0.16
Greenbrier,WV,0.15,0.03
Raleigh,WV,0.35,0.12
Summers,WV,-0.05,0.3
Braxton,WV,0.36,0.07
Gilmer,WV,0.57,0.69
Nicholas,WV,0.28,0.26
Webster,WV,0.31,0.4
Boone,WV,0.7,0.28
Clay,WV,0.38,0.36
Kanawha,WV,-0.16,-0.05
Lincoln,WV,0.54,0.39
Logan,WV,0.15,0.09
Putnam,WV,0.2,0.01
Calhoun,WV,0.5,0.31
Roane,WV,0.5,0.16
Mingo,WV,0.4,0.21
Cabell,WV,-0.16,-0.1
Wayne,WV,0.02,0.18
Pendleton,WV,0.68,0.23
Berkeley,WV,-0.35,0
Jefferson,WV,-0.34,0.01
Morgan,WV,0.04,0.12
Grant,WV,0.47,0.28
Hardy,WV,0.25,0.13
Mineral,WV,0.26,0.17
Hampshire,WV,0.17,0.15
Marinette,WI,0.46,0.28
Ashland,WI,0.26,0.08
Bayfield,WI,0.08,-0.2
Price,WI,0.55,0.23
Iron,WI,0.48,0.07
Forest,WI,0.56,0.34
Oneida,WI,0.24,0.1
Vilas,WI,-0.16,0.09
Barron,WI,0.57,0.23
Rusk,WI,0.72,0.23
Sawyer,WI,-0.04,-0.04
Washburn,WI,0.58,0.09
Burnett,WI,0.3,0.1
Polk,WI,0.72,0.16
Pierce,WI,1.06,0.07
St Croix,WI,1.09,0.12
Manitowoc,WI,0.55,0.19
Sheboygan,WI,0.47,0.2
Calumet,WI,1.1,0.57
Fond du Lac,WI,0.66,0.19
Green Lake,WI,0.9,0.24
Outagamie,WI,0.63,0.35
Waupaca,WI,0.71,0.24
Waushara,WI,0.71,0.2
Winnebago,WI,0.32,0.14
Brown,WI,0.36,0.4
Door,WI,0.75,0.09
Kewaunee,WI,1.09,0.49
Oconto,WI,0.58,0.35
Langlade,WI,0.65,0.13
Menominee,WI,-1.2,-0.75
Shawano,WI,0.64,0.23
Adams,WI,-0.08,0.08
Clark,WI,0.89,0.4
Lincoln,WI,0.72,0.11
Marathon,WI,0.82,0.06
Portage,WI,0.7,0.07
Taylor,WI,0.95,0.39
Wood,WI,0.65,0.03
Buffalo,WI,0.88,0.23
Chippewa,WI,0.75,0.17
Dunn,WI,0.88,0.14
Eau Claire,WI,0.5,0.04
Jackson,WI,0.39,0.18
Pepin,WI,1.43,0.41
Trempealeau,WI,0.89,0.33
Juneau,WI,0.65,0.08
La Crosse,WI,0.33,0.1
Monroe,WI,0.57,0.28
Vernon,WI,0.8,0.35
Crawford,WI,0.57,0.17
Grant,WI,0.76,0.23
Green,WI,0.6,0.24
Lafayette,WI,1.18,0.43
Columbia,WI,0.57,0.11
Dane,WI,0.06,-0.01
Iowa,WI,0.91,0.18
Marquette,WI,0.57,0.2
Richland,WI,0.62,0.18
Sauk,WI,0.48,0.2
Kenosha,WI,-0.29,-0.11
Racine,WI,-0.25,0.05
Rock,WI,0,0
Walworth,WI,0.35,0.03
Dodge,WI,0.75,0.35
Jefferson,WI,0.63,0.26
Milwaukee,WI,-0.5,-0.06
Ozaukee,WI,0.8,0.18
Washington,WI,0.68,0.17
Waukesha,WI,0.71,-0.07
Douglas,WI,0.04,0.03
Laramie,WY,0.46,0.08
Goshen,WY,0.65,0.35
Platte,WY,1.02,0.26
Albany,WY,0.44,0.06
Big Horn,WY,1.06,0.21
Park,WY,0.83,0.15
Washakie,WY,0.53,0.27
Fremont,WY,0.22,0.23
Johnson,WY,1.06,0.09
Sheridan,WY,0.97,0.21
Campbell,WY,1.41,0.51
Crook,WY,1.73,0.57
Weston,WY,1.32,0.47
Carbon,WY,0.75,0.29
Converse,WY,1.3,0.42
Natrona,WY,0.94,0.23
Teton,WY,0.67,-0.09
Lincoln,WY,0.93,0.23
Sublette,WY,1.46,0.47
Sweetwater,WY,1.04,0.38
Uinta,WY,0.94,0.45
